strength,sequence
1978.4208,GTTTAGGCGCGAGGTTGGAAAGGGCGCCGGGTCCGCATAACCTTATCAAA
3007.4565,TGCACCTTTAGCGCAATGGTAAACATCTCTGATACGGGTAAAATGTAGCG
4160.8076,AGAGAAGATCTTTATGTAAAAATCAATGATGACCCATGAATATGGTTATC
1282.3364,AGTTATGACCAGTAATCATTAGCGCGCGCACAACAGTCAATGATTTGGGC
6595.061,AAGAAAATGAGCAAGATGGCCGGAAAGGCATCGGGTGTAAGCTTAATAGC
3338.3523,TATACGGCCCGCAATTTGTGCTATTAGCCCATTGGCATTATCGTTTTGAT
3919.0542,TCGCTGATCTGGACGGAGTAGTTGTGGCGCTGAATGTGCAGAATTGCCGG
3942.7466,GTAATCATAATTTGAGTAAGAATCCGTTTAATCAATGTCAGAATGATTTC
3100.494,TTTGCGCGTCAATGTTGGTGGCGCAGCTGCAGAAACGATATATTCTGCCC
16784.578,TTTTAAACCATTAGTCTTTTAAAGCCTTATCAAGAGGTATTAATAACTGT
4713.968,CTGAGTTGAATCGACTTAGCGAGTGCGTAAGGCTTGGCTTCAATACTTAA
8195.262,TTAGACAGAATGTCATTCTCAGTCTTCACGTGATGAAGTAATCTACCCGC
2991.4355,GCGGGCCATTTGCCTGAAGATCCCTGGATCAAGCGTCGTAGTGTTCACTT
9203.7705,CTGCTCTTTGCTGTGGTCAGCAATCTAGGAAAAATGGTATTATGCTTATC
8538.591,GAATGAAGTTTTCCATCAACCCCGTGCCCGTTACGATTAAGGTTAGTTTT
6246.8477,GAGCGTAATGGCATGCTGTTTTCAAGCTCGCAGCTGCTATGATTGAGGGC
3677.8647,AGTGCAAATGAATGCTATTGTCCATGTTACAGAACCCATTTAATTGTTTT
8887.15,AGTTGGCAGTTATCTTTCTCTCATTGCTGATAGGTACTACAGTCCAGATA
2406.6238,AGTCAAGAATTAATCGATCAACGACGAAGTGATGTTTTACGTTTCAGATT
3232.9158,CCTGTAGAATGTTCATGGCGCAGGAGAAAAGGGCTGCTGCGAAAGTTACG
2148.0962,TTCAAATGTGCAGCGTAGCGACCGCGTATCAGGATGATTAATATTCAGGT
2429.0344,TAATGATTTGGTGTATTGACGGCGCCATCATGGACACTCAATCTTAGCCC
1404.8175,GGGCAGCGGCTGATCACGCCCTGCTCCACATCTAGTCTACGATGATGGAC
6600.4795,TGACTTTGGTTCAGATGTAAGGGGTTTACCTGCTTGCCAGTATCATTCGT
5360.994,TTATAGTGAGGTGGAATATCTTGACTTTTAGGAGTTGATAGAATTGATAC
3977.7651,ATGACCTACTCGGCGTCGCACTGAAGCGCAGTTGCTGCGTAAATACAAGT
3966.2168,TTTTCAGCGATCTTACTTCCGTGCCAACACATCACTTCACCTTTAGCGGT
2854.5486,GATAATCTGCAAGAGAATGGCAATCCGGGCAAGTGGAACAATATGTCCCC
19137.492,GAGCGTTCAATGGCGTAAAATATGGGCTGCGAAGTGCTAATGGTTTTTCC
9884.763,ATATTTTTGTTTTTCCACAGAGTTGTGGGTTTCCATGCGTGATCGTACAT
5153.0923,GACTAACTGCTGATAATGGAATCTATTTTTGCCAATGCCATCTTATTTAA
5828.3745,GCTTGCGCAGATCTAAATCAAAAGCAGTTGATTATCGTTAAGATAAAAAA
4210.009,GTTCTGGTATTTGTTGCGTTACAAAAAATCACCCCATTTACATTTCGTCC
3099.4817,CAGAAACGAACATATTTCCTGACCAGAATCATCTTGATATTTTCCCGCAT
3670.7527,TCTCGCACCGAACATTTGGTCACCAGCCACAATGATAGTAATAATCCCTG
8501.169,GAGAACATCAGTCAGGATAACAACTGTACTAAAGGCGCTAACGTCCTCAC
5604.658,ATTGATAAACCCGTTTCCATGGTTTTCTTGATATGTTTACGATGACGCTC
6654.0625,AATCGTGGAATTAGGTTGCGGATAATGAAAAGCCGGGCTATAATGAATTT
4874.823,AAGACGTTTTGTAACTCTTCACCGCCGCCAAACACGACTATACTGAAATC
4330.427,TGTTATCACATAAAGTTGGTGCAGTAAAGGTTTATTTTTATCATGATAAA
2880.7007,TTGAGCGGTGCGAACTTTGAACAGGATATCTTGAAGAGGAATATGATTTC
2522.5132,TTGCGGCGCTTAACGAATCAATATACTGGGCGATGGGTATTCTTATCTTT
2231.3848,TCGTTTATCCAGGCGACGCATAAGCCATAAATTCTATGTATTACTCACAT
1956.8676,TATTTCATGCGCCAGTCCAATAGCGGACCGGAGAGCGCTTCGATAATAAT
4212.2705,TCATGGAAATAAAGGATTGGCCGGCGCGCGCTGGGCGCTACCCTCCGGAC
7306.78,ATCCGTTGTAAGATAGAAACACGCGCATCTATTAGGTTTATGCTTAACGC
3144.5342,CGCTATGACATTTCTTCACATGTAATTAATTTACTGGCAATCTAGTGATT
10832.409,GAACTCACCATTCCTTTTTATTTGAACAGCTTAACTGATACAATCGCTTT
3200.1926,GCAGGAATGAATGGTACGTCGTTTTGATGCTTTTGCACTACGATAAACCA
3802.447,GATATTATTATCAATAAATACTTAACGAACAGCGGCGATAAACTATGTGA
3977.8853,CGTCACCAATTTGGTCCAGTATTTATAATTAAAATGTTATTATCATTCCC
6457.0,TGACAGCAAAAAATATTTTAAAGTGGCTTATGTGGGGTAAAAGATGTATG
5416.9346,TCGCAATTGTTACATGTCGATTATCACAAAGAGTGTGTAATAATTTTTTT
5571.1143,GATGCGCTAGCATGATTCGGCCGGAAGCGGATAAGACGTAGTTTGCGCCT
5903.8115,TTCTGCAGGTTCCATTGTACTGAAAGTGCCAGATGTCGCAAACTAAAAAG
3984.8918,GGGCGGGCTTTTCATGGCGCTGGTGCTAAAGTTTTCCTTAAAATTAGTAA
2082.386,ATCAGAGCAAAAAGATGGATTCTTTAATGGCTGGGCGATGCGCATAAATT
2278.4033,CACGGTTGACACCGCCACCGTTTGCTCCATAAAGATGGTATGATTACATT
2377.4575,GTGTCGATTGTTGACGATGTGCGAGTTTTTGTCAGGGATGATAATTATTA
2368.994,TTTCCCTCTGCCTGGGGGTGGTCACGCGGCCCTGACGTTAAACTTCATTT
4482.529,GGACGAATGTGATGTTTTTGATTTTGTCGGAAATGGCGATAATATGATTG
1712.186,AACGTCTGTTCACACCGCCACCCTCAGTATTGCGGTGGTACAAATACGGC
5151.0854,TGTATGGTTAGATATATGGTGCTACTTGTCGGTGTGTTACATTATGATTT
2180.7034,AGCCAGACCGATTCATGCTATATCTTTGTTCCACGATATAGGTTGGCGGT
3891.4287,GCCTTTACTCAGATCATCGAAAGTTGCTCTGGTATGTTATATTGATCTTT
5143.0977,AACGGAGTCTCCAGGAATTTTAAACATCCACTGCATGGTATGGAAGGATT
1530.0386,GCCAATCTACGGCGTTTCAAAATTTGACTCGGATGCATCAAAATTCGTTT
2863.699,ATTTTTGGCTGCGTATCTATTGACAAAGGCCACTTCCATATCATGCGTGC
2399.997,CATTGCGATAATATAATGACGCTGGCTCACAGTGGGGAACGATTTACTGT
3269.2627,GGGCGGGTTCCTGCTGACCCATACTGGCGTTGCTGACCAATAAAAGTGTC
1019.062,TGATATCAGACACCAGCGGAATCACGCAGAATGCCGTCATCATTTCTAAG
11386.711,ATGACCAAAGGAGTTGAGGAAATCTCTAACTTTGTGGCGTATTATATGGA
3734.716,GGCTAAGCTGTCAATTAATTGATATGGGAGCGTTAATCGATAATGAATAT
2542.1765,CGCGTGCAGACGGCAGGGGATTCAGAACACCCGAATGTAATATTGCTAAG
1645.2183,CGGCGCGCACGTTACCGTTTGCCCTCCATCATCTTGTTCATAATGTTACC
7441.676,ACATAAAATGTTCAAGTTCGGTATCAAACCATCATTTTTTGTTGCGTTAT
4002.368,TTGCCTTCATTTTTTTTATCATTTCTCGCTTTAAACACCATCATGACAAG
2258.1455,CTTGATCATGCAGCTTTAGCCTGATCATCTAAATGCGTATCGTTGTTAGT
5047.743,GCACGGAGTGTCCTATTGTACAAATCCGTAAAGGCGGTATTGTATAAGAT
3727.8372,TGCGCCGTAAAAACTGGAGGCGGTTGAGTAAATCGCTATAAACTGCACGC
1787.2274,ACAGGACGTTATTGACTCCTGCATCACGCGGCTTGATGCAATATAATTAC
4765.0093,TAACGACTAAAACACGTTGCAGACTTCGCCCTACCTTTGAATATTGGGCT
4575.1616,TGATGAGGTACGGATGAATGTTGTGGGTAACGGTACCGTACAATGCCATG
18466.383,ACGTGAAAAACACCGTAGCACACTTTTTGATCCGGGTTATGGTAAGTAAC
5157.06,AACTGAATAAAACAGCCAAAATCTTCTGGATCGTCGCCCAAGCTGATTGA
1881.988,GCAGTATCGTTAACCTGGCACATCGCCATAGCAAGCCCTACAATGACGGA
3499.6438,TCCGGAAGCAAGAATTTAACGGTCATTTCACTAACAGATATACTGGACCC
1749.8705,CTCGCTCTGCGTATCCCGCACGTATTTCGGTATATTCAACCGTAGGTGTC
2734.654,GTAATACATGACGCAGTAATCAAGTTAATGAGCGTGATTCATAATCTGGA
5901.6143,ATTTCAAATTGGCCGCCGGCAGCGATGCCGGTTATTGCTATACTCGCAGC
23300.691,GCTTTTTTTTTCAGTTTTAACCACAAGAGATCTTGTGGCAGGGTGAGGTC
2856.303,ATCAGGAAGAACCGTCGATCATCGTCTGCCGCCGTTGTATAGATCGTTGT
4585.9966,TTCTCAAAGAAAAAATTATTATTCACAGCGACTGCATTTAAGCTGTTGAA
242907.95,AGCATAAAAAAAATTTGTTATTTTTAAACTTTCTTGCGTTAAACGGCGCC
7864.79,TTAATTTCAATGGCTTGAATCCGGCAAAAACAAATGATTAATACTAAGAT
2786.9827,ATCGGCCACTGAAAGTTTGTGACGTCCTGCACGCCGGTTATAATACGCTT
1752.0071,TCCATCGCAGGAAATAGCGTAAGAAATTGTGTTAAGGCATAATGTGCATT
6652.681,GTACTCGCGCGCAGAAAACACTTAGCAAGAGAATTATGCTACCCTGGCGC
16306.918,AACTGCTGCAAAGTGTTGATCTGGAATGGTCAATTGCAGTAGCCGCAATG
3230.9617,AGGTCCACCAGGGCCTGAAAGACAGTTATCCTTGTGGGACACTCTTCTCC
1460.3441,TAACTGCGCGCGCTGGCCAGCGCAACAATCCCCCCGTACAAAAGATATGT
2244.592,TACGTAGCATGGCCGGCGCCGGAAGACTCTCCTGTCGGTTACCCTTGCTT
2892.7722,GGAAAATATCTTTTTCCGCCCGCACCGAATCATTATGTTATGATCCAGAT
4057.5488,GCGGAATATAGCGGATAACAAATTGAACCGGAAAGAGGTATGATGGGCGT
2494.448,TCAGATGCCGGTCATTTACGACAGGGATGCCCACGTTGTAATAATATCGT
3582.508,AAACGACTTTTTCAATCTCAGTAGCGGCGCCATTTGCTATTGATATCGCC
2773.7283,AAGGCAGTGCGAAGTAGCCGGAAACGCAGCGAGTAAGATATAATCCGGAT
2073.7312,TCAGGCTGGCGTCGGATTCTGTCGTAGCGGTCTGTATCGATATTACCCTT
1386.0914,ACGTGATGCGTTCGGTCGATAAGGATGATTGATGGATTATCGTGGGGACT
1516.6351,ACATAGACAGGATGACGCCTCTCTTTTCATCTTGAATTACGATTTACGCC
1118.3127,CCACGGAAGTTCGTACGCCATTCCCGCTGTGCTTCTCCGATATTCTCACT
5263.3125,TGAAACCATCCACCATGAACAGGGTTGACCAGTGATTTATGCTTTACGCC
9959.569,TGTTAACTGTACAATGAAGTTGCTGAATAACCGTAGCGTATGATTTTTAA
3597.3552,ATGGTGATATCGGGTCTCCACCGGTAAATTTAGGAGGTAACATCGTCGGA
4601.6865,CACGTGACGTCAGCTCTGCATATTGTTGATGATTTTGGTACTTTCAGGGA
3302.9988,TCTGGACAGGCTTTGAACTTGACCGCTATTCGTTATCCAGACTTTTTATC
2451.673,CCTTTCAGATATTTATCGAGCCTTTCATTACCAGGTGATAAAATTCCGGC
2812.4011,GGTGGTGATGACGTCAGCTGAGCCGTAATTTAGTGCATAAAATTAATCGC
2713.0479,TAGCTGCACTCTGCGCCGCTTCAGCAGCAGAAGTCCGTAACTATAACGCT
3085.0483,TGCGTTAATATCACTGGTAGTGGCGGCTTAAAACAGCCATAATGGCGAAC
1391.9376,CACCACGCGCGCGTAGAGAGAATCAGCCATACGACGACTGTAATGCGAAC
8686.502,TTCAGCGAAGTATTTTTGTCAACAAGGTCTATAACCGGTAATATCGAAGT
2469.8198,CTGGGGTTGCGTTTTGGAAATGCCTGTAGCACGTCCACGATAATGTTAAA
1951.2709,GGATGAACCAAGCGGTATCGCAGCAAGCTGGCGATTGGCATGATCAGGCT
5127.2173,TTTTAACCTTCGGGCTACCGATACCGATAGTTTCTGCTACATCATTTGCC
1379.3237,CCATTCGACGAAGAGCCCTTTGCCTGACGCCCGATGGCAAGATACACCAC
4204.496,ACGCTGAAAACTGGCTTATCCATACAATAATTTTTCTGATAAATTCGGCG
4212.532,TCCTTGTAGGTTAAATGGGCTCCGGGCTAGGTTAAATTACTTTGATCAGA
3569.7212,TCATCCGTGTGGAAGTTGGCAGAATCGATCACACCGCTTAAACTATTTGC
3185.5684,CAGTGAACATATGACAATGATTTCATTAGCATCTGATGATACATTACTTT
3536.9858,GGAATTGCAAATGATCTTTTCGTGGTACCTCGGAGGATATCTGCACGAAC
2479.6484,ATGCGGCGTAGAGCTGCAATTCGGTATGAGGGCCTGGTATTGTTTGTCGG
7904.972,AACGTCTGTGCGTTCTTGCCAGGAGGATTGACCTGGTGGTGTTCTAGCTC
10360.061,AGAAACCGTATTAAAATAAATAAAAAAAGCCGTAGGCGTAAAATTGTCGT
1856.8795,GTGAACGGTGGGTGCCAATGTTTCGCGCTTCTGCGTCATATCGTTCAGTT
3263.6455,TCGCGTACGACATGGTTATTTCTGCGCTGCCATAATGCTACATCTTGGTC
3084.1064,TTCTGCAACGCGGGGCACCACGGCCACGACCAGGTGGTTATGATCAAATT
11026.695,TGACCAACATTTACGCTAAAAACGCTGAAAAGAGGCGGAGTAAATTAATC
3983.814,TCACTACGACAAAAACTCATTACTTACTCGGTACTAAAAATAGTTTGCGT
2328.3152,TTATTTAAAACATCGCGGCGCAGATTGGATTTTCCGCTACCGATGGTTTT
32031.568,GTAATTGTTTTCTAGATGCCCGTCTGTTTTTTCGCGGCAATACTGCCGCC
6664.984,GTACTAAGTAACAGGGGTTGAGGTTAAGCGTATCCCGTAAACTCCTGGGT
2400.7039,TTCCCAGCGTTGTTGGGCGAAAATTCGCACACTTTACATACGATGAGGGA
7831.888,GCGTTATAGTTAATTTTCCTTAATTGTTAAAACTATTTTATAATTACGTT
2925.4844,CGCGGTGGCGCTACCGTGTTCGCTTCTGAAGCGGTGGTTAATATTTTCAT
2165.9897,ACGCAAGCCCTGTCATCTCCACATAGGTACCGCCAGCTAATATTGTGCGG
10373.866,TGGTGGACTAAGATGATGGTACTCAAAAATGAAAATGCAAACTAAGCGCC
2597.017,ATAGCGTGCTTTTATTTCGCCGCGAAAAATCAGATCTTAACATGATGAGT
2964.8408,GCTCTATACGGACTACGATGCGTACCTGCCTGATTGGCATTGTAAGAGAT
5918.542,TATCTTGCATTAATTGATAAATTTAAGGCGGTTGAGTTACATTGACTGAT
5659.406,CAGAACCACCAATAACTAAATTTTTACCTGGCGCGGTGTATCATCCGGTC
4943.4556,GATGCGGTAAATGTCAACCCCGGTCGCAGGCAATGTGTTACAATAAACAC
3175.2573,TGACCGGCCGGCAGGTTCTCCTCTCCGGCGTCATCTACTAGAATACGTAT
2909.704,ATACCTTCTCCACGCGACGCTCATTCGCCTGCTCCTGCTACAGGTACAGA
4566.0645,TTCATCAGATCGCTGCCTCTTTTTGGCAGAAATACGTTATGCTGTAAGGT
2711.5813,AAGAAATGAGGCGCCTTTGCCGAAATCTGAACGAACCGATTATGGTGGAT
18264.732,AAGAAACTGGAGAAATCTAATTCAAGAGGAGTGTACAGTACTATAACCAC
1943.9447,CCAGGCGACGCGCTGCCCGTGGCCACCGGTATTTAGGATACTGTGTAGGG
2874.9182,GTACTCCGCGCCTAAGACGGTTCTGGCGCTGATTGTCTTACACTTTCGGG
1522.1843,GGACCTATAATCAGCCCCAACTAACGACTTATTCACTGGACGATATTCAA
3532.6562,AGTGATCCAGGCCTATGACGGCCGCCGTTCTGGGTGGTAGCGTCGCGTCT
2640.7913,ACCTGTGCGAGCATCATTATCAGCAGATTATTGCGGGTAATATCTTTCGT
2341.6416,ACGGCGAGCGGAACGGTTGTCGCCCACCCTCTGAGCTGTATCGTTTCGTT
3158.3599,GCAGATCCATATGTATAACCAAAATTAATACAGTTTGCTGCGAATTCGAA
12284.519,TATTACTAAAATTGTTTAGTGTTTTGATTATGCTCAATAACATTCTAATC
5374.918,CACGCCTTCAACAAATTTACATACATGAGCTATGTCGTATACTCCCGGAG
8686.87,GTCAGGGTAACCTGGTTGACTTCAGGCAAAAATGGCGGTAGTATAATCAC
1856.4082,CACGTTGTCACCGACGATAAGCCGGGACTTATGATTGACATTGTTCCTAG
3456.4023,AGGGCACGAACAGATACGCTTAATTTTTCAAGATGAGGCTTGCTTTATTT
4242.3623,GGATCTCTTACTGCCATCAGTAATCTGAAGCTCTACATACACTAACTGGC
3023.3962,AGCATGGATTAAAGGCTTCATGGGGCGTAATGTGGCTACAATCTTTAATT
5737.154,CATTATCTCTGGAAGTGATTGTTGGAAAAGAGCGTGGGTACAAACTTTGC
2360.684,TCCACGACGAATTTGTGGGTTTTTTCTTTCAATAACACAAGAATGAGATT
2033.6005,AGTGCACAGTGATCGACTTCATTCACCAATGCACCGTTTAAAATCTTCGC
9975.128,TTTCAAAAGTTCCTGTGATCGCTGGAACAACGGAAGGTTAAAATGCAGCC
2738.4182,TACCGCTTGTTTTGCTCGTAGGGGATCAGCGATAGCGTGATAATAGTGAT
5481.8813,ATCTATAAATCAGTCTGTATATTAAAATATTTTCCATGATAACATAAATC
4132.1797,TATACGTTGAGGATATGCAGCGAAATATAAGTTAAATTATTAGAATCAAT
2574.6565,TGTGGCGCAGGGATGATGGCAATCTGGTTTGACGTGTCATTATCTTTATC
1504.3207,CAACCGACATCAAATGCCGGCGATACCCGACAAAAGCCGAATCTGGGGTT
1722.8678,AGCGATGTAGAAATCAGATCGGCCAAGAACCGGTATGGAATAGTGGCAAA
6989.769,AACTGTATGGGGCTGTTGTTAACGTGCATTGCTTCCCTTAAAATTGGTTT
1320.3563,TTCGCAGCTGCCCGCTGGCATGAACACCGCTGGCGAGCATAGTGTCAGCC
1774.4906,CAAATAGTAAGGTCAGCCCAGACAGTATATCATCGGTTACAATAATCACC
2456.9841,ACGCAGCGGGAACGCGGCAGATGGCGGTGCAGTTTGTTTAGCCTCACTGT
1639.3564,ATGCCTGGCGCTCAGTGAGCTTACGTATTAATCGGGCTGAAGATGGCGAC
4631.0645,ATACAGGGGTACAGAAAGTAAAATATAGGCAGTTGATGCACCCTGAAAGG
1512.2081,ACAACCCGGATAATGTCACCTACTGTTTGCGTGCATATAACACTCCCCTC
5189.752,AGCCAGCTACCACTGATACTTTGCGGCGAGCAAAGGCTTAATATAATGAC
2606.6633,ATCAAACCTGCGCGTGGCGCTTCAGGTGCAGACTGGGGTAACGTTAAACG
2910.4946,TAGGACACCATTTCATCGCACTGGCGGCCTTTTGCCGGCTGTGAAATGGC
4330.1943,GGTTATTTCAGCGGGAGTAAGTTTAGGAGCACAGGTTGCGCGAAGATCAG
56762.414,TTTGAAATCGCGATATGAAAATTTTAGTGTTGAAAGCGCAATATCTGTTT
5097.2456,TTTCTGAGCCCACGCTGCCTGACCTGGACCCTTTTTGTTAACATAATGAT
1215.9725,GCGTGCGATACTCATTGCGCCACTCTGGCAGCCACGACGATGATATTAAA
4415.4326,GCAAACAGTATATTTGCTGTTTCTTTCTGTGCTGCCGTTACATTTATTTG
5419.0615,GGTATATTCGGCGTATATTTACGCCTGGCATAATGGCTATAATGCCATTT
4108.5986,TCGTAGCGCCAAATCTTGGCATAATTATCGCGCAGTTGTATACTGTATAT
4292.6646,ATTGTATACCTCTCCACTCAGTGGTGCTGGCGTTCTCGTTATTATTGAAC
1287.4619,ACCACGGTGGCGTTTGAGATAATCATAACCGGGATGGCACATTAATCTTC
2326.161,CGTCTGAAACTCATTATTTCCGTAGCGGCAACTTCCGGCATTATGACAAA
3774.457,AAATTGGCAAAAAAAAGGCAAAGATGCAGGCGGGAATTTACAATCAGCAG
37905.816,TCGTTATATTTGCCATTGAAGAAAAAGCAAAACAGGGTATTATGCTACCT
3909.481,CACTGGAATGTTTTCATGCGACACATTGGCGTTTTGGCCAAAATAGTCCG
3406.1382,CAAAGCGAAGTCAACTTCATTAAGCAAACGCCAGGTTTATTATATGTTTC
5108.259,AACGCCGACTGCGTGGCTGAGTGACGGCTCTTGTTTGCTATGTTGCTCAT
2664.883,TTGCGCCGGACCAGCAGTGACTGCGCGGCATTACTGCTTATTCTTCATCC
5579.799,AAGAACGGGGTTATTTATTTGTTTTCCCGCATATTGTATAAAATTACGGC
4317.6978,TTTATTGCCCAGGCCGTGCCGCACGCACTCATCTGATCTACACTATCGTC
3669.9402,ATTAAAAACACGGGTTACATCGCTGGTTTTATCATGATATTCTTATCAGT
4691.7773,CAGCCTGTTAACAACCTGAGCAACCACACCATCGAGTATTAAAATATTAC
4141.6025,ACAAAATTCGGCGCCGCGATAACAAACTTATTTAGGCCTATGTTTGCGTT
6608.1245,ACACCTTCCTTCAACTTGCTTGAAGAAAAAAAAAAACGCATTTTATAATT
8452.123,AAAAATGTTAAACCGGCAACGATAAGACAACGTGCAGCTAGTGTTTCATT
2527.7554,TCCTGGACATTGACCAAGATGTTTGATATCTCTTCCATCATGCTCAGTAT
3378.8582,AATAATACCTTTGTGGTCATAGCGTTAACGATATTAGCAATTATTTATCA
9204.774,GTTCAAGATCTGAAAAAGACTTTTTTGACAAAAATTAATACAATGGAAGA
3438.988,ACAGGCACGATAATATTGAAAAACAAATAACCCATATGAAAATAAATGTC
5204.0234,GACACTAAAACAGCAATCTTCTTTTTCCCTTTCGCGAGTAACTTTAAGCT
3457.6611,AGCGCAAATTGGCATTTCGTATCATGCGACAGGTTGTTATATTGAATAAC
5763.4927,CTACCGTAAAATGATTTATCCTCATGACTTACTTACCAATAAATAAAGAC
3197.6099,GCGCAGTACTTAACTGACCAAAAGGCCAAAATGCCGGTTAAAATACGGAA
2519.377,CAACAATTAACAGCGTTGCCGGATGCCCTGCCGATTTGAAATTATGGTTT
4979.4194,ATCAACGGACTCTTCAGCCTATCCTGAAATTTCTGTAGTAATGTGATATC
1846.4006,AGATGGCGGCGCACCTGCGGCTATTCTGCAACGGCGTAACAGTGTATTCT
2272.6355,CGAGATTGATGGTTATCGACGAGGGTGCGTTTGTGGTATATTCTGACGTT
3475.2668,AAGAGCTGGACCCTGCTAGCTTAACGCTCATGTTCTGATGATCTGACAGC
3903.6643,GTCGCACATCCAGCAATTGGTGAAAGCAGATTTAGCCGTAAATCAAGGGC
2606.7766,CCGACCTGCTTCATTCTCTTTTGTTAACCAATTAACGGGATAATGTAAAT
1488.3373,CACAAATAATGGCTTCACCCGTCGCGAGGCGGATACTGATAAATTGATGC
1483.1036,AATAACATAATGACTACACCACGGATCGACTTCACGCCAAACTTTCATAT
1662.0525,ACCGGAATGGCTCGTGCTTATCGCGGTTAAGAGCCCGGCATAATGCCAAA
2151.049,ACTGCCCGATACCGGCACCATCTGTAAATCATATCTGGAAAACTGGGGTT
2880.2236,AGTAATTCATTGCCATTTCCGGATCTCGCAGCGCTTTTCAGAAATCCCAC
5000.042,TTTGTACCGGAGCATCTATTTTTATTTGCCGCTATACGTAACATGGTGAG
2042.1,CGTGAACTAAGGTTTTCTTACGCGCCGAGGCATTACGGCAATTATGTTAG
2213.1619,GCAACTGATGCTATTGACTCTGCCCGTACGGATTTTCTTACACTGGCGAT
4599.3364,TGAATCCTTAATTTGAGCTTATTCGCTTCTCCCAGGTGTATAATAACGTT
1783.1249,GTTTATTACCGGCGTTCTCAGTCAGCCTTCTGGCTGGCATTTAATTGTTC
3534.997,ACGCTGAAGGATCTGACGACGACTTGGCCAAGAATGCGTAAAAAATAGCG
4333.5337,CTTGCTGAACGGTCTCCATTAAAACGACACTTGATTGATAAAATCGGCGC
7817.4575,AATACTTAAAATTTTATTGGTACAAAAAATATTAAGGCAAAACTGTCAAC
4474.6196,AAAACACGCGGCATGGCATCGGTCAAGACCACTTATGCCTTATTAGTATT
1606.9152,GCTTATCACGCAAAGTGGAACAGCCGTATATCAGGCTCAATCTATAAGCA
1581.3229,TTCCGCGCTGACAATGATGCCGCCGCGCACGCTGGTGCTACGCTGGCAAC
1816.0145,TGCATAGCAATCCGGCGATTACCGATCACTATTTCACTTATCCTGTAAGC
1300.4901,TGCCAGCCGTATATCGGGGGAACCGCTACGTTGCGTGGCACGATGGAAGA
9174.356,GCCGTGGCGAACTTCCTGATTAAAATCAGGAAGCTGTAAAAGTTAATAAC
3417.165,CCGGGTTTAACTGGTTCCATCATTTGCGGTTGTTGGCAATATTAAAGGTC
1724.551,AAAACCGTGATGTGTTGCACGCCGGTGCGCTGGTCAGTTACGCTGTCCTC
3554.543,GACCTTTTTTTTGAGTTTCATGACGCGTATTATTGTGATTTAATAATGGC
1882.0472,GGGGAGAATGCTATTGCGTCATCCATTTGCGCGAATGGAATTTTCGATGA
1174.13,TGACGAGCTCAGGCAGCATGTTCAGCAGACAATGCTCGATACGATTGTGC
1519.0775,CACCTGCTGGACTATCGCCTATGCGTGCCTGATTGTCTGATCCACATCAA
4621.716,TTGTAATGATCGCGCTTTTTGCTGGCCTCTATCCGCTGATTCTGCTTCAC
4415.419,CTGGTCGACCTTCACTAGCAAATCACACACAGTGTGATTAACTTAAGGGT
11038.786,GATAATAACCAGATTTTAATGTGCCAGGTTGATTTCTTATAATATGCGCT
1416.8854,ATACATTGAGACGTAAATCGAGTAACTGCAGCGTGGCATCAATATGCACC
3153.3242,AGCGCTGCAACAGTTCTTTGACTGACCAACAGGCGGTTATTCTGCTTGGC
2939.976,TGCTGGAATCATTCTTGCTGAAGAATTCATTTCTCTGGCATTTTTGTTTC
17265.125,CATTATGTAAGCCCAGTTAGAACACCAGGCGTGAACTCTAGTAAAAAGGT
3816.9429,GCATCAAACAGCAGTTAAACGACCTCCGGCGTGATGTAAAATCTGTAGCA
1584.3956,TGCATTCGGTTTCTGTCGGCAACGCGTGGTGCAAATGGTACCATTCCCTC
2176.6982,AATTTCGCCCAGAGAGAGTTGTCGGTCTGGCATTCGGAATATTATTCATT
1380.9158,GCAGTCTGTATCATCAGGTCACCACCGAGAAAGTCTAACACGTTGTTCGG
3993.8914,ATCAATCTGCTGATCTGTCCGTGACCAACAATACAGGTTAAAATCAAAGT
5888.536,CACGCTCTCCTTCTTGTTTGTTTGGTGGATGAACCTGATAAACTTGCTGC
1354.6836,GCGCAATATGATTACTCGATATATATGATCGCTGCGCTGATTATGATACA
4783.062,GAGAGAGGGTGGCGGGTAAAACGGCATACTTAATGGTCTAAGATGGCGGT
9974.105,GAATATAAATATTAGGGCTAAGTATCATCCACCTGTCCTATTCTTTAGCT
5242.6226,GATTACTGCAGGCGTGTGCTATGCTGGAGATACAGTGCCATACTGAAGTC
3884.7688,TCAAATAATTCCTCGCTACTTCGCATTCATATTTGGCGTAAGATTTATAA
2746.3577,AGCTTCGATTTTTCTCCGTTACTGCTGCAGGTTGCTGATACGTTGCGCAT
8409.697,CTTTCAGTGACTGATGTGTCTGGATCGTTTCAATAAGGTATTAATGGCCT
2499.1091,ATTATCGCAACGCAGTCAGGAACCGGAAAAGCCAGTCACTGCAGTTTAAC
4631.169,TCACCTCCGGTAAACTTATGTACAATTCTAAAAAGATGGGTGATGAAACC
6228.829,GTTTATTCACATGCGCTGCCGGCGTCGACATAATGACTATGTTCAGGGAG
8682.966,CCTTCAACAAATCATTTTCGCGATAATTGAATTCACCCTACACTCATGTT
5300.318,TATGTCGGTTGACATTGTCGCGTGTTGCTTGTAATCGGTAAGATGTTGCG
6590.116,TGCAATTTTTAGCGGAGCCGGATACTCATTATCAGCGCTATGGTAAAATT
3596.1187,GTTGACCTGGCTCCATCATTTAAGCCTTTACAAGCCGTTTATATTAATTA
3736.696,CGACGTAGTCCGCTTTTAAAGGCAACAAGAACTTCGCTATAATTCATGAT
3991.2368,CCACCGAGGCTGTGATTTTGTCAACCACGGGCCATATATACACTGCTGTT
5275.129,GAGGTTCAAATAGCTGTGCCTGACTTTCCTGGCTGGATTATTACTATGAA
2168.2932,TTCCCAGCCGACCTGTTGCAGGATAATGGCCCTTTGCCGATTATTACGAT
3737.4983,CTGAGAAGAACCCTGTTCAGTACGTTCGCCGATACGCTATCTTCCAAATT
7332.0234,CGATATTTGTTTAGCTTACTTTTGCTACTGTTATGATTAATGTAATTGAA
5922.9956,TGAATGTTACATGTTAACACCACATTACGCGATTTATTACTATCGAAAAC
3476.0771,CGTGATTAGGTTGTGTCTGCGGTGGGTGGTTGGTTCATTATTCTGTCTGC
2394.3252,CCCTGCCCTAGCCTCCACGAACTTGTCCCGCGTTTGCATAGAATCACGAG
4367.0913,TCAACCAAATGAAGTTAATCCTCGGTAAAGATGTGCGGACAGTAACTCCC
11663.899,GATAAAAAATCATGCACAAGGAGTGAATATGAAAATCGAATAACACCAAC
6161.6284,ACATTAATTATGTGTTAATTCCGGCGAAAGTTCGGTATACTATGTGGCTC
3245.9492,CGCCACGCATTTGCATTAGTGGTTGAACTTAACGCAGGTATGATTAACGC
4966.6387,TGTAGGTTGAAAAAAGCTGCCCGGCGCGCCAGGGTATTTATACTGAGGTC
2249.5842,CGGCGGAAGAGTCTCTCCACCCCCAGATGAGCAAATGATTAATCCCCAGC
6132.257,CTGCAAATTGCGAGTTATGCTTTAACACATTAACGGTATACCATTACTCT
2870.5134,TGCGCCCGCTTCAATATAGCGAAGATGACGAACTTTATACCCTGGCACGT
8597.949,TCTAAAACTTCAGTTCTTTGACACCGTGGCGTCAGTAGTTTAATCCAGGG
6688.7856,CCTATTGGTTAATTTAATGGCAATCTGGTTATAAATGGTAAAATTTAAAG
2930.3142,ATGATGGTGAACCTGGCTTCGCTCGTCTGCGGTGCGTGATAATTCGCGGT
3358.9644,AGGAGCAATTCACAATACCCTATTCCGCGCATTGCTGGCATAATTAAAAC
1758.9352,TTTCACGCGACAGGGGAGCGTCGTTGAGATTCAGTGGCACGGTTTACTTC
16285.367,AATGTCCTTTTTGCTGTATAAAAAAAGCAACATTCAGTTACAATTAACGC
2116.8413,TGCCGGTAGATCAATCGCGCCCCTTGAATCCAGATGGTAATGTTGGTTTC
6278.5977,ACTCTAAACTCTCCGTAAATTACAGTAAGCTGGTGGATAAGAGTAGCGAT
2352.8496,CGATGCCTGATGCTGTCACAAACACATTATATTTTTTGTACAGTTGGCCC
2467.1572,GGCCAATCAATGTACAACAGATACAGTTAATTTTGTGTTATCATCCGATT
1661.1127,CAATCTCTATATCGAGCATTTATCCTTGACGAGATTGGCACATTTAACCG
1613.4829,TACAACACACTGGGCTACCACCGGGCGCCTTCACGCGCGTTTATCTCTTT
5788.0083,CTGCCGTGGTCATGTTTGCTCAGCTGGAAAATCAGCATTATCATAGCGCT
1801.5967,ACCGACCAAAATCGTAACCAGGCGCAGGCCGCTGCGCGGTATCATTGTTT
5705.3076,ATACTTTTTTCCCTCCTGGAGCGATCTGAATAATGTTTTATACTGACATT
1548.7078,TCGGTCCATAACTTACCGGAATACGCTGATCCCACATTATATTATTCTCC
2928.648,GCTTCGAACGTATGGATACTAACGAGCCACCTTTCCCGGAAACTAGTGGC
6862.207,TGTGGCGCAACAGCAGTACGCTTTGGCGAAAAAAGCAATAAAAACAACAA
3136.9797,TAGGTAACGACTTTTTCGACGAAGCGTTCATTCTGTGATAAAATTAACAT
1589.9697,TGCATGCGGCACCGATCCACTCGTTCGCGGGCGTACTGATACTTTAATAC
3615.1514,TATAGGGTCTGATCCACACCATATTCATTGTAATCCATACTTTTAATACT
3100.0342,TCCGACGGTTGGCACTACTGTCGTTTGATTAAATCATTTAAAATTAATGG
3650.0847,AAGACAGAAAGTAGTTTGTCGACTCACCTCATTTCGCGATAAAATAGATC
7086.657,TTACGTGCGTAGAAGATTAAGCTTTTTCAGCGCGCAGTATGCTCCCAAAG
2069.8137,GCGCACATTCAGCTCGCTATCAAGTGTTAAACTTGTCAGAACATTGTAGC
1895.6465,ACGTCTTGCAGAACATAGATGTCGTGCATGATAGGGCATAAACTGGCCGG
13629.178,CCGTAGGTTAAGACTTTTGTATTTGTTTTCAGGTCTCTACCATTCGTAAC
4767.596,GCAAACGTATCGGGTTAATTTAACGTTGTCGATTAAGTATCATCGACCCC
3771.3975,ATATACCCTTTACCGCCGGCATAAAACCGTCATGCTGCTTATACTGCAGT
1918.6813,GGAGATTAATTGCCTCAATTGATATAGTCAGCCGCGATACGTTGTTACTC
2491.9194,AGCCAGTTTGCGCTTCCTGGTTGTTAATACGTCAGCTGTCATCAGGTGAA
4370.6997,CTGATCGTGTCAATGGAAAGATTGGTGAAATGACGTTTTAAAATGGACAA
4086.1904,CCCTTGAAAACCCATTTACATCACCGGATTAAACGATGACTTTAATGACT
3217.6677,CATCTACGCCGGACGATCGACTTTTCCGGAAAGTAAGGTATCATGACCCT
1589.4602,ACGTGCTACGGTCGTGATCAGTCGGACGATGATACTGTATCATGGTTATC
5068.332,TGCTGTTGTATGCGAAATTTTTCTTTGAAAAGATTATGTAAATTTATGTC
5334.311,GGAGCACCAGCCATAAAAGTCAATGAGAGAATCATGATAGAATCGGGAGC
5171.419,GAAAACAGTATACATGACGAACGCCACTAGAAGATTGGTATAATAATACT
4091.5125,TTGACCCACGGCTGACATCAACGACCTCGTCAAACCGGTAGAATGAAATG
2726.0261,TCAGCGGCCGTTGCCTGCTGCGAAGCAGCACAATGCAGTAAAACAGCTCC
6407.55,TGGCTGTTGCAGATCCTTCGACCGGTCTTAAGTTGATAGTTATCAATCCG
13623.622,ATAAAGTTCACCGTTTTCCGTAAAGGCCCTTACAAAGTATTATCGGTACT
1434.5908,ACAAACATAAGCCGCGTGACGACCGGCATCACACAGATATCATGTTACTG
3583.6274,TCGTCGATTCGCAAGCTGTTTTATCAACGCCACCATACTCAAGTAGAACA
4639.2793,TGGATTATTATGTAATTAATGATTTCATTGTTTGTGGCGAAAAATTAGTC
3107.061,TCTTGAATTTTGTCAGGCGGACAGAAAGCAGCAACGTATATTTTTGCTCT
2629.0999,GTGGTGGGCTTGCCGTTAGGATGATAAATGGCAGGCGGTATCTTTGGTGG
3326.441,TTATCCATGGCACTACTCCTCTTAGTAATCATTATCTCGATAATCAGTGT
2592.789,GCGAAGCGTACGTTTAAGTATCTGTCATTACCTTGCGCAAGAATTGTTTT
5804.3687,GCGAAGCTAAAAAATTCCATTAATTCTAATTCCTCAACTATGATGGAAAT
8218.764,TTAACCGGTTCTTCATCTTCGCTTTCATCGATTGGGGCTAACATAGGTAA
12334.399,GCAGCAGCTAATCATTGCAAAAGACTTCGATTATGCCGTACTGTAACGCG
7539.549,CAGATTAATGAACAATGAACTTATCCAATAGCCTCTATTAAAATGCAGAA
3215.7834,CACGTTTTAATGCGGTTACACCTTCTCTGGAACTGCTTCAAAGTACATGG
1754.2767,GCATTTCGCTGATCGCCACTACCTTGCCGACATTGTTATACATTCGTCGC
4759.776,TTACGCTAGTGAAGTTAAAGAGCCCGGCAGCACCACTGATACCAACCGTC
237734.39,ATGCAAAACGAAAGGAAAACGTCGCTGTTGCATTTCGTACTATGCGGCGG
3346.9656,TTCAGCGTAAACAGTCATTGCCTTCGCCGACTCCAGTTAGACGATAAGGA
2423.8257,TGGGCCGTCCAGTGGTGGACTCTTGACGCACTTATGTTACGTTTTGAGCA
106992.586,GTGAAATTGTTGACTGGTGCTCTCCCGCATTTTGGCGCCTGTTATTAGGC
4668.954,CGTTGTGTAAGCAGGCTGGGCGGCGTGAATAATATTAGCCATATTAATGG
1959.9484,CACTGAGTGGCGGACGGGATGCAACTTATTAACCCGCGTATCATGATACT
3271.012,CACTCCTGCTGTGACGCCGTAGTTATGCACTGGTTATTTATCACTTGGTT
2472.339,ATACTGCAAAAAAAATGAACCGGCGACCGGCTGGGCGAATTGCTGAACGA
2533.9675,AAGGTCATAACACCAGCGGCGCAAATCTGGCCATTTGTTGTCTTTAGGCT
7094.835,GAATTCGCAACCGACTTGATAGTGAAGGAAATAACCAGTATTATTGAAGT
1611.2053,ATTTGGTTAATCTCAACCGCCATCGCGGCGTGATCTGCGAAGATAACAAA
6389.178,GGCGTGTAAGAACGATACGTAAAACGTTTCCACTTCTGTATGATAATTCG
4283.247,TTGACCAGTCAGCAATGGCGACGTGCTGGTTTGCTGATTATAATGCGGGG
2914.9045,AACGTTAGCTGGATTGCGGTAATTCAAGCTGTTATTGATATTATGGAATA
1404.1621,AGAACCATGAAGCCTTGCAGATTCACCTCTTTGCCGGTCATAATTAAACC
6537.955,TCAACCGTGTTGAAGAATCAACTGGCCAATTTCTTCGTTATACTGAGGCT
4114.425,AACGCAACAGCTCGAGAAAAGCGGCATGGTCGCCGTGCTAAATTGTAATT
4768.922,GGGGGTAAAGATCCCAGTCGAAGCCGCTGTGTGGTGAGTAGAGTTGATCC
4263.7983,TGATATTGTAGTGGTTAAATACGTAGTGATAGATACGGCACAATATGCTT
12585.258,CGCTAAAAAACGGAGTAACTGATTACCGCTTTTTCGGTAGGATCCTGGAT
1616.5789,AAATCCATGACGCCGGCTCCAGTTTCCCCCCTCTCAGCCATCATAACCAT
1671.8356,TTTCTTCATCATCCCCGGCATCAAAAACCACACTCATAGAAAATGACGTG
1433.837,CGATTTGTGCTTGGGCGCTCAGGTACCGCAGATCGTGTCATAATGATGCT
7549.684,GTTTATCCTGCTTAACTTCTTCACGAAATAAAAGCAGGTATACTGATCTG
1651.4105,TTAAGCCTGCGTCCGCCAACAACGGCGATTCGCAGGTGATAATGTCCATT
28227.582,TTCTCGTAATCCTCCTTAATTTTGTGGGAGAAAATGGCAGCTTAGGTAGG
3257.3762,AACCTGCGCCTTGTTGTCGTGCTGCGCTGTTTAAGTGGAAATCCTGGTTT
4110.577,AGTATCTAACGACCTTGCCACGCTACCGGATCCAACAGTAAAACATTATT
4744.64,AGTTATCGAGTTCCCCTCGGAAAGTTTTTGCGGATGGTATTATAATTGCC
2116.8108,AAAAGCAGGATGAACGACTGTGCCGAATTATCGGTGGTATTCTGACTTGC
79566.49,CTTGTTGCCAGTTATTTGCGCAAACTGGCCACAGTGGCTAAGAAACTTCC
4062.9429,ACTCACTGGTAATGTATCCATATTGTATTAGCGCTATACTAAATATCGTC
2120.129,CTTTAACACATTCTTGCCCGCACCAATAACGCATGGGGTATGATTCGTGA
7243.3086,TCTCCTCTGCCCCTCTTTCCATCAGGTTATTTCTCTTATATAATAATCTC
5369.0093,TGAGCTGCATTTTATCTTTAACGGATATTCCCCCCCGTTATTGTTACTAG
1547.2417,ACGGATTGTTACGCGGCTTTACCGCTCGGGTTTCTCTCCACGATGAAAGA
2297.5486,TGCGCAGCAGCCGAAGCTGAGGCTATTTAGTCCTGCTGATAACATCGGTT
5060.29,TTCGTTTCCAGTGCTGCCATTTTCGATACGCAAAATCTACTATTATGCTG
1894.1619,AGGCGAAAGTCACGTTGGTGTAGCGACCAATAACGGCAAAAATGGGATTT
1991.7163,CTGCTTATGGCTACAACGCCGCGATGACAGTTTGCGTTTTTAGCAAGATC
1297.7454,GCAAGAACAGTGGACTACGTTCGGTGGCGGCGGCATTTCATCCTGGCAGC
2356.8428,GTTACGCCCAGGTCAACATTTATTTTAATAACGTTGACCAACATCAGGAT
2599.6982,ATTTTGAACAGCAGTACTAACCGGCGCCATATTCAGGATAATATGGCAAC
8727.461,CCTGAACAGTGAAAATTTGAAAGGTGCATAAATCACAAAATTATGCAGTC
3050.5085,TAACTAGCGATGATGGTGGCGAGCGTGGGCTTTTTGATACGTTGATACCC
8883.174,GTCTGCGTGGGTGTTCTTGAGTCATATGCCAAAGCCTCTATACTGATAAT
2413.5625,TCCCGGAAGTGAAACTGGTTACTGTTGCCAGCGCCAGCCACACTTTAAAC
3806.0066,TGCCCCAGTTGCCCCCAGTACAAAGCGAATTAAAATAACATAATGTCACA
4987.2593,TTTGAACGGCACTCCCACCGGGAATTAAGGGCGATTAGTACAATAAACCC
2450.5325,AGGTTATGCATCTTCAGGCCAGGTGCCTGCCGGCATGGTACATTTAAGGT
3112.986,GGATTACTGTTTATCGTATCGGTTGCTCCCGGATATGTTAAATTGATTTC
3914.9587,TTATAACCGTGCTTTCACTCATTATCCGCTATTACATTAAATGTATACTT
3225.7122,TGGAAGTATTTGGCGTGAACTGCGCTCCGCTGTTCGGTACCATATTCACA
3811.043,TATCTGCAATTTGTGGCGATAAATTTTACGACTGTTTCATAATCTGCGGT
2430.5647,CGTTGGATGGCTATGAGGGTGACATTGGTCAGCACTGCTAAAGTCATCAC
15447.796,CCCTGTAGCTTGGCTGATGTATCTGCTAGATAAGAAATATAGTAACTAGC
2784.4106,TGAAGAAAGCCCGTTGGGTCCCGGAGTAAAGGTTTGATAAACTTGGGCAG
4134.6914,TGGGGAATATCCAATTGATTATATACGTTTTTTGTGCTAAAGTCACCAAC
1550.661,CGCATGAGTGGGTGCGCGGCAGCCGCATGGCCCGCTGGTATAATACGGGC
2631.0999,ACGTTCGTGTTATCGACCACGAACCTGGATTTACCTGGTAAGCTGGCTTC
8948.472,ACGCTGTCAGGTTGGTTTTTATTTCCATATTCATTGACTATGGTTGTCGG
4750.014,TTGAAAGGATGAGACTGGAAAGCATTGATCGCCACGTTTACAGTCGGATA
2893.7205,ACGCAGCTTCGCATACCTTATTTTATAAACGGACCGTAGACACTGTTCTT
1755.4601,TATACCCCACGCGGATTGCGATATCACGGTTTTCGGCGCACGATTGGGTG
1950.2919,ACTACGTGCGCGACATCCGCACTGGTCATAACGCATTGAATAATTAAAAA
3723.731,AGACAAAACCTGGTAGGTCAACGCCCGAATTCTCTTTTGATGATATTCTT
1908.2096,GCATAGCGGTCTGCGTTACAGCTTTGCTAACGATTACGGAAACCAACGGC
3476.6018,ATGCGATATTCCCGGTTGCCCACGTAAACATAGTCATCTATCGTCACAGT
2025.6583,GGTGCGGCAGCTGATGGCATCTCCGTTATGCAGGATTACAATCCTATTAG
2298.6172,TTTGAAATGTGCATGGCCGGAGCAAGTCCACCGGGCTCAAAATTTTGGGT
4308.68,TCGCGGTGAAGGGCCTTTTTAGTAAGGGAAAATTCAGGTATCATCAAATC
4303.5444,CTATCCTGATCAAGTTAATTGACTCTGATAATGCCGGTTATGTTCAGGGT
3910.7896,TTTTCCATAACGCCTTGTTATTGACACGGTAATGCAGAAAAAACAATGCT
1849.3848,TACCCCATTGCCGTAAATCAGTGAGTGCCGTACCCATTGAACAGTATGAC
4054.949,CTTGCCTCCAAACAGAATCCTGCAAGAAAAGTAGCGGGTAAGCTGGGGTT
5182.0986,AACCGTATGGTTACTAATGATGATAAAGGTTTTGATTTACACTCTTAATT
10505.185,GGTTTACCGCTTTTCCTGGGCTTAGGCATTTAGTGGTTATAATTAGCTGT
3013.1428,CCTTGCAGTTAAGCTGTTATACGTTTTCACATTGCTGACAAAATGCACGT
2642.9797,GTTAATGTGATATTGCTGATCTACGCGTGCGGTACAGGGATAATACGATT
1800.4846,TGTGTCTCCGGCTTACCAGTGATACACTGCTCACTGGTGAAGATTCAATC
8204.201,TGGTACGCATCACAATGCAGATAATGTTGCAAAAGTTTATGCTGCCTACC
6246.63,GTTGCTTTAACGGCTTCCATTTTCAAACAAAGAAGGCATATGTTATCTAT
4417.671,TGATGTCCATTTGGGTGGAGCCCGGCGTAATTCACGGTATAATCCGCATC
7984.124,TGGGACTTTCGCCAATTAAAAAATTTTGGTTTGAAACGTATCATTTTCTG
3930.2249,GGGGTACTGACGAAGGTGCCGTTCGGCTTTGAAGTGATTACCATCATTTC
3349.121,AAAGATGCTGAAGAAAGCCCCGCGCTTGATTTGATTAGGAAAATCGCTTT
5758.5005,TAAAGGCGTGTACCATAGTCTCCGCCATCACAGTGGTGTATAATAAAGAT
1705.277,ACGCACGCGCTCACTGATCGCCAGCCACGATTCGGGTGTAGATTTTCATT
5547.316,GTAAAATGCGCTAACTCGCTGTTATCCGTGCCAAAACGGGTAATGTTATC
5220.8315,CTATATTGTTTTGTGTATCTACCGTGAAAAACTCAACCGATATTTTTAAC
4075.256,CGCGGGATCGGCTAGGTGGTTATTGAGCAACAGGGGTGTAGAGTGCGCTT
4090.7356,TTTGGCGGATCTCTTTGTTCCGGGTTGTTTCGCTACGGTATTATCTGGTG
5911.7256,TATCACAAACTTCGGCTGTCCCTTCCGATTGCCTCATCAATAATAAAAAG
5789.2383,TCCTTTGCATTTATTTCCTGCATGGCAGTTTAAGCGTTATGCTGCCGTTT
1735.0039,GCACTGGACGGTATCGTGAAGCGCGGCGTAACCGCCGTCAACACCATGTT
6147.5303,GTTGATCTTTGGCGATCCCGGGATGCTTTAAAGGTGGTTATACTCACTTT
3739.0684,CAGCGTGAATCGAGCAGAAATTTGTTCTCTGTTGGGCGTACGCTTTGAAC
1951.3907,GTTCACTGGCAACCGACGGGCCAAAACGCGTTTTCAGTATAATCATTAAC
1838.3239,GGGGCAGGTCCCGCCATAGGCGTCGGGTTGGCCTCATTATCATGTTGGAG
1675.1309,TCAGCATTGTTGATCCCGGCTACAGTCTCCGCCACGGCTTCTTCAAGGGT
2762.2002,CGTTGTTACGCGATTTATCTCGCATTGATCGTTTAATATTATAATCGCGA
2143.5352,GGCGTGGTGAAGGCGATCGGCAACTTGCGGCCTGTGTCGTTGATGCCCGT
2179.048,AGACTGGTTCAATCCGCGATCGCTAAAAAGCGCTGCCGTATCTTTATGCC
7739.1465,GTAAGATGAAATTTAATGGCGAATAATGCGGTATAATTTAAATTAATTAT
2722.2302,GCATGAGGTCAACTACTGACGTTATATCATGTTTTAGCAAAATCTGCATT
1856.7085,CGCGTTGCATCGATACCGGCTGCAGCATCTGTCTGACTTAAAATCGATAG
6204.8877,AGATGATGATCGACATCGTAAAAAGACTGAAGTTAGAGTAAAATGTTAAG
2396.7908,TAAGCAGACGGGCTTGAGATGGCGCTGCGCCGGATGACTACGATCGTGGT
8829.603,TTTGTATCCGAGATTCAGGTCATTACATTACCAAATGTTAGATAAGGAGA
10444.194,ACGCAACAATGAAAGAGATATTTTAATAATAAAAAATAATGTAATAAATT
5165.1357,ATTAGACGGGTCAATTTGTTTACTTCTCGATCGACAGCGATTAACTCCAC
2979.6897,ACCAGGGATAAGGCGCATGGTTGTGGTTATTTCCTTTACGCTAAATCTTT
1724.998,TGTCGCAGGTAAGCAACAGCCTAATGGCCCGGCGCCGTTATGCTGTACGT
1599.3519,CGTACTATGGCACTGCGCCCTCACTGCCTTCTGCCGTTATCTTTATCGTC
3074.6267,TGTTGTTTTTGATAACTGACGCGCCGAAACGCATTATCGATATTGATGAT
4425.0703,TGTAACCTGTTGTCTGCCATTAGGAAAGGCAAATGAGATAAGGTGCGAAA
1928.8226,CCGCCTTTATTTTGTCATCCAAAAGGATATCGTCAGCACAATAATGGGCT
1977.5112,TCTCAGTCTTGCGATTGTCTCTCGCCTTGATTACAGGGAAATATGTGTGC
1758.5737,AGACGGAAATGTCTCATTCAGTGGCCAGTCTGCCTGGCCACAATGTACGC
3834.2273,AGCGGTTAAGGAAAGATAGTAAATGTGACCTGGTCGGTAATATTGGTATC
3732.3735,ACATCGTAAGAGCTTGTCGAAGAGCCGCCATGCTGTAGTATGATCAGTCC
2448.873,GTGGCGCCGGCACCCTGACGCCGGGGCATAAAGTTGTGCATACTGGTATC
1624.944,TTCGCGGCGGCACACAAATTGCTCCGGTGGAATCACGCGATAATTAAAGT
2202.545,CATATCGGTCCGCGCCACCGTTATTTGCTGCAGCAAGATAGCATTAGTGA
5847.1445,CTGTGGTGATGACATTCGGTTAAAAGTTGGCGCCCGTCTAAGTTAGGTTC
5457.9863,GCGCTGGCTTGCTGTGCTTGAAATGTAAACTCAGTGGCAGCATCAAAATT
2241.1113,TGAATTTCGGAAACAAGCAGTATCGATTCCATGCCGCCTACCGTTCTGAA
8019.7715,CCACAATGAAACTGTTTGAACATTACCATTTCCTCCTTTACCATTAATGT
4496.092,TGAAGATATTCAAACAGTTAAAAAGGCAGAAGGTTAAGGACGATAATAAC
9941.305,TTAAAATAATCAGTGGAAAACGGCTAGCTGTTGCATGTTATTATGCGGTT
1881.3591,CACCAACGCAACGATTTACTTGTCCGTTGGTCGGGGTCATACTGCTGGTC
3111.9504,ACAGCGTAAGGGCTAGCAACAACTGCGAGCCAAATGGCTATCCTATCCGC
4181.4873,CCAGCTCATCGATATATTTTTACACACCTAGCCGTATGTAGTATGGTAGA
3123.718,GGTATCGTGAAAAGCCGCACCTTTCATGGAAAAGTCCTTCAAAAAACAGG
5391.879,TGGCGCTTACCGTGCTTTTGCCATGTACGTTGTATCCTTTATGTTCGACC
5442.562,CCAGGAAAAACAGTTAATAGTGGCGCGGTAGTGAACGGTATTATCGTGTT
2010.6125,CGGGTGCTGGATGGCTGAAGCAGGGCGGAATACGCTGTCGATTTCCTGAC
3930.966,GAGAGGATTTTTTGCCTCACCACGGTAGTTTATACGTTATAATTGCTGAA
2525.0256,CGCAGAGTCAGAGCGGGCAGAGAGTGCAGTACACTCCGTATACTGAATTC
5463.757,TCCAGCGTCAGCTCTTCTACCTCCTCGACATAAAAAATATGTCTTGCGAC
4539.5664,AAAGTTTACTTCATTGGCTAGTATTTCTTTTTAGCGAGCATTGTTTGAAT
1610.9502,CTCATGCCGGGACGTCGGTCAGAAATCTTTACCATCAACATAATATATTT
7209.73,CTTCGCAGTCCCTTAACACTAAAAAACCTGCGTCTGTCTATTTATTAAAT
1315.627,AAGCGCGCGCGGCATCCCGGCGTTGACTACCGGATGACGATAATATGAGC
4523.9277,TAGTGCGATGGCTGCCTTTCCGTAATTCCCTTCATTGTATTATTCTTCCT
4263.9526,TCACGGAGTCGGCTAAGTTTCCGACATAAAATGTGTGTTAATTTTTTAAT
4646.8975,GCGCAGTGCAATGCCGCGTTGTCCGTGCTCTTTTCGCTAGTTTCGGTTGC
1488.1014,AAGTTCGGGAAGCGGACAAACAGCAGCAATTATCCGCTACGATTCCACCC
5326.245,TGGCGATCCTGTTGCTCGCCGTGCTGACGTTGCCGGCTAGGCTGCGGGAC
3502.0833,AAATCATATGAAGAATAATGGCTCGAACTTTTCCAGTGGATAATGCGGGC
7492.7153,AAAGGCGGCAAGGGTATTGACACTGTCTACTGATTAGCTATGGTTAGCGT
3795.7695,GCAGTGGGTGCTTACGAGCATACGGAAGCGCAGCCACTAGCTGGTATTAT
1883.9037,ACTGGCAACAGCGCCATCAGTTCTGACGCAACATCGGCCATAATCGGTAT
4215.236,AGTGCCGTAACTCGTTGCACGAAACAGCAATTAACTGTCTCATATTTGCT
1539.2463,TCATGCGGACGGCCATCGATGACCGTATATAAAGAACTAAAAACACCACC
6682.661,AATATTCGAGATGATGAGGCCGTTCGGGAAAATTGCGGTACACTGCAGGA
2303.3757,AACGCGTCGTCCGCCTTATCACAGTTCCACTTCTTCGTATTGTTGCCGAT
3809.195,TGATCCTCTACAAGAAGCCAAATCGGCAAAAATGCCGGATGTTAAATAAA
6934.7,AGATGAGGCGATGGTATGCTTATATTTGGGGCTTGTATTAGAGTGCGGTT
5721.613,AGGTTACGCAATCGATTTCGCTCCTTTGAAAAGATGCTAAAATTAACATC
3140.0168,AAAATTCACAGGATTCATTGATTCATCACCTTCAGCTCCCAATATGGAAC
1119.2474,ATCAGACCGGTAAACACACTCCTGCCGTACACGCTGCCCATGATTATTAC
6458.3833,TCAAGTACCTGATCATTTCTGGAGGCGCTATGATCGGTTACTTTAAACCC
6615.7705,GGATGATAAATATGTTGATTCGCGATTTCGAAAGTGAATAAAATAGACCT
3776.9458,TAGTTGATTTTCCAGAACACGGATCGCTGCCGGTGTGTAATATGATTGGC
1449.57,CTCTGCGAGGACTGCTGCGGGGCTCGCAGTTGATGGTTCATCCTTTCAAA
10016.135,AAGATAATAGACCGGGCTTTTTCTGAACCAGTATCTTTATAATAAAAGCA
4598.8174,ATATCTTGAGATGCCAAACGATTAAATCATTAACACATAAAATATTCCTG
2625.4514,TGCGCTGTTTGATGTGCTGACTGGAAGGCGCGACAACTACCATCATAGAG
2547.4111,CGGCGGTTTGACCGGTGCTTTAGAATTCGGCACGGTTTATGATTTGTTAT
1445.1982,TCCGAAAACTGACAATGTCCAGCAAATGAGAATCGCACACCACACTCAAT
10632.059,TTGTGGTTGCTCGCATTGTCTGCTGGTTATCTTGATCTTATCAATTAGCC
1879.9498,TTGATAGATCTCGATCTCACTTCCTGCGCGCTTGGCGTTATCGTGCCGAT
11111.686,AGTGATCAGGTTAGAATTACGTTAACCCGTTGTCAACTAAAAATCGGTAT
1717.9413,TCCTTTCTGCGATGATGGTATATCATCCGCGGCGAGATAAATTTTCAGCC
3159.4026,TTATACCGCATTCCGATTTCCCAGGTTTTTTTTTGCGATATCATTTTTCA
1786.039,ATCGGCCTTCAAAGCCGCAGGTGCTGATATCTTCAAGGTCATTGTAAATT
4306.581,TCCCGCATCTTACCCAGGTCTTGGCCTTGCACAAAGATATAGTTAAGGGT
2131.3179,TGAAACCGGCGGTCCAGGTCGCCTGTAACCGGATCTGAAAAACTCTGAAC
7121.8525,TTTCTCTTTCTTTCACTGTTCAGGCTGCCTTGTTGAAAATCATGCTGAGC
5705.8174,CAAATATTCATATTGGTTTTTTTCGCCCCTACGGTTGGTATTCTGGCTAC
3061.8643,CTAGCGGCAGCCCGTCGGCCAGCTGTGCCGGTTTTGATATTGTCGTTGAT
1646.6292,AACGATGGATAGTTCTCCACGGCGTCGCAATCCCGCAGTACGCTGATTTT
7549.146,TTGATTTCTCAATTTTTATTCAGCCTTATTGATTTTATACTAATACAAAT
6032.4253,ATTATCAATGGTCACAGCTTTGCCTCAATTTGGGTAATATAACCTATAAT
1383.8312,CGTCCTCGACAGTCGTCGCACGCCTTGCAAGACCGCGTAAAATTCAGGAA
6510.089,TTTTCATAACGCCTTTGATTATTTTTGCCAATAATGATTAAGATGAAGGC
2389.8193,AATCCACAAGCGGATGTCAGTGACCCACTCTTTTCGGTTAAAGTCATCAA
4399.2734,GATGAGCGGCAATAATGATGGGTGGATTATCTTTCCTATATTTCTCCTTT
1991.5808,GCGCATCATCGGCTCACTCGTGCGTGCGGTATGATGGCTATTATCTGTCT
2317.332,GAATTAGTCATTGACCGCAAATCAAATGCTCATTAGATTATTTATTGATC
10454.661,TAATTTTAACAAGCTGATGTTCTTATTGCTCCGGTACTAATTTAACAGGC
3840.408,AGCACACTCCCGGATCAACGTCGGGGGGGACTTCTGATAATTTTAAAACC
3125.6003,GTTGGACGTATTGCCATTTCTGCCCAATATAGTTCTCTCAAGATGAACCC
5279.785,TGCAAAAACGAAAAAGCAAGTTGGGGGGACTGCCTGGGTATGCTCATGGC
4027.7102,ATGTGCTGGATCTGTCGCGTTTGCTTTTTATAGCTGGTTATTTTGATTTT
11083.843,TGATTTGTTGATGCTGATGAAGTTGGTTCACCGTTTGCTACTTTTTAATT
44504.99,GGTAACTTCGATCGTTTCCACCCTGTCGGAAAAAGTCCATAGTATAACCC
2054.5872,CGCGGTGAACTGCCGAGCAAAATGCAAATGTGAATGACGATAATGCCCCT
7008.626,TTACAGACCATTGAGTTGCCATTACTTTGTAATATGCTATAATCTGGAAA
9874.857,TCGAATCTATAACCATTTAGCACTGCATTAAAATTTTCTACAGAACCTAA
5696.5386,AGCAAGGAAGATTCTTATTCTGCTCGCCTCATGCATGTAGAATACGTTGG
1608.8573,TTATTTTAAGCACGATAGCGCGAACGGGCAAGATCACCCATAATGTCATC
2549.394,CTACCGATGTGACTGACTCGGACTGGCGGCGGCGGGATAAAATTATAAAT
1693.6046,GAATCGTCCCTGTTGACCTTTATTGACACCGACAGTGGCATGATGGCCAC
5792.106,TTTAGCGTACCATGCATTACCCGAATGCAACTGTAATACATAATAAGGTC
3532.8162,TCCTGCCATGTTCCTTCTGCCGATTGCGATCCATTACCTTACGATTAACT
2261.3389,CCATCAACTCAGCACGGATCACCGATTTGCTTTAATACTACACTTCCCAC
3490.733,AGCCAGTGTTTAGCTGTCCAGCGGCGATGTGCAAGATAAATACTGAGAAG
2299.6968,GCGCAGGCAAATTGCCGTCGGTGGCGGCGCAACTTGGCTTAAGTGGTCGT
4644.3696,TGATCCATATTGATGATGAATGATCATCATTAATCTCTAAAACGATGCAG
4779.578,CTCCCGCCTCTTTATGGAACCCTGATTTCTGCGCCAATAATGTCGTCCTG
4882.3105,AGGTGGAAATGCTGATTTTGCGCAGGACGTTTATCGTTTAGAATACTATG
5426.695,TTGTTCAAATCGTTGACCCTGTAAGAACGCAAACATTGTAGAATCTTAGG
1981.1075,AGCATTTTCTTAAGCGTCAGGTGTTAGAGAAAGAGCCGGATGCTGTAAAC
3523.0164,GAGCGCATTGTTAAAACCTGGTGTTGATTTTGAGCAGTAGCGTTACAATT
3161.924,TACATCGGGCGATATTTTGACCCGTGGATCAGTGGTTGTAATATGCAGGC
5179.74,GGTTGCCGCGTCCTTTTAAAGAAACTGACAGAGTTGAGACGATGCCCATG
2752.2544,GCAGGTTGTCATTCCGGCTGTCTCGGCAAGATTAACGTTATGATGATTAA
2535.7917,GCGCGGCGAGGGCTATTGCAGTGATAAACCAGCATCTATATAATTGGGAT
4743.432,ATAGCGTTGAAAATGGCAATCTGAGAAAAAGCGGTTGTTATCATATGTGT
1486.9858,GGTGGTCAAGCATTAAGCTATCGCGAGCAAATACAGAACAAGATGACGTC
3656.7385,TAGTTTGCGTCACAACAACATTCATCAAATGTAATCAGTATCATCCAAAG
6107.8823,CATTGACCTAGCGGATAGAAAAGGTCTTCGGCGGTGTTAAAACCCTGGAA
1592.907,TGCACATTCAGGGATTGAACAAAGGAACGTCATCTGGGCGAAATTTACTC
3171.8381,GTTGCATATGACAACTCAAGCCAAGAATTAACAAGGGCAAAATTAGCCGT
3472.2837,TTAAAACGCCGGTCAGGAGGTGCTCGCCAGGGGAGTGAGATAATCAGTGC
3312.446,CCCGCGTTGCAGGCGCGATTTCTCTTCGCGGTGCGTGCTATGTGCCATTC
2668.6155,GCTCAAGCAATATTGCCACAAAGGCGCTTTTCAGGAATTAAATTCGGCCA
4888.2783,AGAAATATTTCGATACAGTGAATTTTTTAATTTTTGGTAAAATTGGTCAC
3421.7466,GATTCAGCTCCGCCGTGTACCGCCAGCGCTTGAACGTGTAACATTAAGGC
2809.136,AACGGCATAACCATTACTCTATTGTTCAGCATTTTTTGAAGATTAATATT
3067.738,AGAAAAGTCAGCCCCGCCATTAAGGCTGTTTTGCAGGCATAAAATAAAGC
3267.4863,GTCTGTGTGGTGAAGAGCCGTTGATTTCGGTATAGTGAAAAAATGGCTGG
2083.7068,CCAGTGAGACATACTGACTTGCTATGGTGATGAGCGATATGAACACGCGC
4164.228,GCCCCAGTCCTGCGCTTGCGCACAACTGAACAGATGCGTAGACTGCTGAT
6075.8623,GAAGAAAAACGTTGCTGCATAGCAAGTTTTTTCCGACTTAAACTGGTTAC
4867.41,GCTGTCATGGATGCGTTGCGATTACTGGCAGATTTTCCACAATTCCTCCT
3277.3745,GACTGTATTGAAAATTGGTTACCGCACGATTTTGTTTATTAACATCAGGC
4578.1865,AAGAGTGATTCCACGAATCAACGCACAGTATAGCTAATACCTTATTGGTT
278267.94,TTTTTTAAAAGTTGTTGACGATTTTGGCGTTCTTATGTTAGAGTGCACGC
2147.6682,TGCCGCCATGAGAACCGGCCACCGTCAATATACCCGTTAGAAGAGTATGG
8443.202,TTTCTTCACCGGCGTAGACAATAAATGCCAGAGTAGTTAATATTTAAGCC
3510.3765,CTGTTGTCCTCTAGCGTCTCGATGGTAAGTTCGTCAATACCACAATCAGC
4128.6294,CCCAGGGTTGCACCGGCGGCAGAGGGTAAAATTGCCTGTATAATATGAAT
26848.814,TGTCTTTAAAATCGGGTTGCATCGACTTGTTACCCTTTAAGCTGCACCCG
7053.352,AATATTTACTTTGATTTTATGCATTTCGAGGTAAATTGCACACTCTGGAT
1713.8502,CAACGTTCGGCCAGCTGCCGTTGGGCGGTTTATTTACGCAAAATAAACGG
4156.7227,TTTTTTCCGTTGCTCTCAATCGCGTTGCATCACCCTGCTTAGTTGTGTGA
2221.9539,GAACCTGGCGCTTTCGGCCTTCTTTGATGGTGCACGGTATTATGGTGGGC
1636.1823,AACAAACTCGAAATTGATTGTCAGTGGAGCAAGATGGCATCAATATATAC
2636.8965,ATAGGTCCGGTTGTGCCGATCCATGTCGCCATTGTTATACAATCAGAACG
1741.8558,AGTCGGTATTGTGTTCTCCCAGCACCCGGGTTGCGATGGATGATACATTT
4079.0278,TTGATTACCGCCGGTGGTTGATCAGCGATGAAGAAATGATAAATATTCTG
6574.39,CTGCACTTCTTAGGTTTGTGATTATGCTCATCGGTGGATAAACTGAAGGC
1822.1404,AAACGGCTAGCGTTTTTCTGTAGATTGACGACTATGGCAAAAATACCGAT
2283.0234,TGCGGGTCAGGCTGGTCTTTGGGCACGCTGCTTGCCGCTATCATGAACTT
7498.3687,TGAGGTCAGTGGCAAATTTGACAAATGCTTAAACCTGACTTTACTAGGTG
7636.1953,GATCGCAGGGTGCGGCGAACAGAAGACACTCTTCTGCTAGGTTGATTAGC
2043.6455,CTTGAGAGGCACAGCTTGCTTCGCGCCAGCCCGCCGATAAAAATACCGTT
3443.0833,GTGGCCGGGGGCGTCATGCGCTGGTGACGACGTTGTGCTATGCTGTAGCA
3272.2065,CCTGTCGCAAGGTCCGGTTGCACTTTTTGACAAGGGCATAAAATTTGGTC
4967.655,AAAAAGCAGTATTGTTGTCCTGGGCGAGCACTGCACAGTAAAATCCTTAT
2818.5469,AGGCTGTGCGGTACATCGTTATTGTATCACTGTTCGCTAAAAAGCACGAA
1521.9158,CCCAATTTACAGAGGCCGATTACATCCTTCACCTGTACGATAGTCTCTGC
4541.665,AACTTTAGGATTACTGTTCCGCCATGATTCAGTGACGGTAGAATGAAAGT
3513.7668,GAACACCAGAACGCGAAGCCTATCATAAATAAACTTTATATCTTTCAGTT
1634.2197,CTTTGCCGCCCAGCCAGGATCTGCCCGATGAACTATGCCATAATCAACCC
2972.174,CGGTGGTAAGGATGTCAAGCGTTTTAAGGTTTCGCAGTACGATGAGACCG
4264.1777,ACTTGGCATACTCCAGAAGCAATTAATTCTTTCGCCGGTATTATTACACT
11813.678,AAAAGTCGTTTATGATTGGACAGTTCTGGCGTAAATTTTATCCTGCATAA
2215.4639,AGTTACACAGGGTATTGATCGGCAACTTCATTGCCGTTTATTCTGAAACT
2130.1943,AGGGGAAGCAGCCGTTGAAGCGGCCAGATAATCACTCATTAACGCTCCTC
3395.9084,GATCGCGTATTAGACTTGATCAGTACAGCATTTGCCGATAATTTTTGATT
2886.7446,CCGCAGTAGAACCGCGTGAGTTTCATCACCGCTGGCGTTACCTATCTGCT
6279.528,GGTACTGAGCGTCTGGATCGGATGGCTGTAGTCTTTTAAAAATCCCCTCT
2964.8887,CCACAAGTAATACGGTTAACCCCAGTTTTAAACGCGCTTATCGTCAATAT
2783.1946,GGTAATCGTCTGTGATGAGCACTACGGCAAATGAAGATGACCATGTCCCT
7776.8657,ATTGACCACCACATCGTTAATGATGGTAGCGTTTTGTTTAATCTGACCCG
2856.3857,ACACCCCTTTCCCGTGTTTGACCGCACTGTTTTTCAGGGATGGTCGCCAT
21112.973,AATAATTTTAAACTCTTCACTATGGTGGCAATTTCAACTATACTTCTCGC
3003.1233,CGTAAGAACGAGGCGAAGCCTCACCGCTTTTACCGCTGCACAATTAAATT
3177.9219,TTATTAACGCCTACTGGGCTTTCACACTTATCTTCTTATAAAATTACCGG
3867.7153,GTGGAGCAACGCTTGAGAACGGCTGAGTGCTGACGCTGTATTTTTACCTT
14801.769,AACTTGGTACAGGTGGTAACCCGTTTTAATGCTAATGCTAAACTACCTCT
1529.781,CATCACCAGCATGATGCCTTGCTGCCTTGCCGGCGGCGGATATTTGGATT
3085.2295,AAAAATATCCCCGCTTTTGCCAAACGTTTCACGCCGAATATCGTGACGCG
6066.758,TATGACCGCCCAACTATTTCCGGGATGACGGATTGGGTATAATACGCGGT
1880.2515,TCAGTGCGAAAGCGTGAGCGAACGCCGATCCGTCTGATAACATTAACGAC
4772.072,TACTCATATATTTTGTTGGTGTTGTTAAGCCAGAATATCATGGTATGCTG
1625.0883,GGCCAACGCTCACCCGCACTGCCCACGAAGAATCTTAGTTAACATATCCT
11595.834,CGTGTGGCAAAACCGATACTGTCACCGCCAGTCGCTTTAGTTTGAGTGTC
1721.6807,ACAAAACCAACCGATTGGCGATTTACCATGCAACGCGTTACGCTGGTGGC
9762.8,AGAAAAGATAAAAGCTTGATGACAGGAGAAATATTTGTTAGAAACTTTAT
3859.488,TGAGCATTAGCCGCGACCTTTAATTCTGGCCTGTCGACTAACATTAATCT
1594.5283,AGGTACTACAGTGCCATAACGACGATGCTTGCTACACGATAATCATCAAC
6586.967,TATTATCAATTGCATCCTTATTGACATTGCACATTGTAATAGTTAATCCC
2174.572,AAAAAGCTCATCGTGAGGCGTACCTTTTATCTACCGTTACAATCACTGAC
4046.587,GACATTTTCGCGATGAAATTTTATAAAGGATCAATTTACTATTCAACGTC
2359.7756,GTGGTATCGCTTTTGCGGGATTCGCAACACTGCAAGGTAATATTGTGGGT
3981.037,TGATGAAGCTCTTTTCAGACGCAGGGCGCTTTTCGTGTTACAATGGTTGA
4792.3315,CCATTCTTTATATAATAGAACCGGGACTTGCATTTCCTTAACGTAAAATC
2344.066,TCCGGTGTTCATGTCGGAGGGAGGGCTCACGGCAAACGTATCTTTTTCGG
4931.682,GCGATTATTTACGTTTCTGGTTGTTAAAAAAGAGATTGTTGTGTTGATGT
2749.0432,CCAGAAGCTCGTTGTGTTTTGTGTTGTTGCACACGATTTTTGTTGAGACT
3507.3032,AAGTGGCGCTACCGGCTTGGTCCGCCCTCGTACCGGATACTATTCTATAC
2673.2183,TTTAACGTTGACTTCGATGACACCCAAGGGGAAGCCTGCAATCTGGCGTC
6631.1133,TCAGTTATGTTTGTTTTATACGTAAAGCAAAAAATCAGGATAATAGAAGC
2543.9424,TCCCCGCCGGCTGACTGGAATTTGCTTTACGTTTTCACTACCTTCATCGT
2975.8262,GTTTTGCAACCTCTGGTGATGCCGGCGTCTTCAACGGCGATGCTGATAAC
2367.8696,AAGGATTCTTCACGGTAGACGGGCGAGGGCGCGGTATTTAAAATCATAGG
1603.6605,ACGGATATCCTAGATAACGCTAAGCATGTTTTGCATGGGAACAAACACCG
6878.368,TGGCCGAAGGCATTATCCCTTTTGTCCCGCGTTGTGTTAGGATACATTCA
2549.8657,GTACCCTTGTCGGTATCGTTGATATCACGGCAATTGTTATCATCCCCGAT
6088.1665,GCAATACTTTAATCGGTGTGATAATGATGTTATGGTGATAGATTTGATGC
1627.7854,CCCCGCGCCATGAGTAGGGTATTCAGCTTGCTGTCGCAGAAACTACCGAG
4195.583,GCAACCTCTGTGGCACCGGAATTAAACGCGAGTAATGTATCATCCGCAGC
4055.3113,CGCCCAAAGGGAGTTTTGTGCATCGAATTTTTCTCACCAGATTTATGAAT
9936.0,ATTCTGAATAGTAAGGATATTTAACAACATATTTCGCTAACATCAGGCAA
1670.4888,TCTCCATATGCTTAATTGTAAACGACCAACACCGGCATCCGATCTTATTC
1737.0101,ATGAGATGGTAACGCATCACTATTCAAAACCGAGCGCGCATAATTGTTGT
9190.364,ATTGCTCGAATAGGGTTGGCAGGTGACCTCAGTTTGCATATTATCGGGTG
3679.1072,ACCATGAGAATAAAGGAACGGGGGTTTTATATAAAGGTATTTTGGAAAAA
2818.975,TCGGCGCCAAAGCCGTTTGCGATACCGGCACAAGCCGGTAAACTTAAGGC
5595.6235,TCTCTACTGAGTAAGTTGACTCTGCGAAAGCTGTGATTTATTATGATCAA
2133.151,CTTCAAGAGGGTTGCCATTTTACGGAAAGGCAGAGTGTCAAAATGCTGGC
1508.1975,GAAGGCAGCTCGCCCTGTTCGAGGTCGCCAACCCGCACCATAATGGTCGT
3817.2659,CTGCGAAGTAAAAAAAGCTCGAGTATCGGTGGCACAATAACATGTATTTT
2328.3843,CCCGTGGCGTCAATGTGATCGACGGTAATGAGGGTTAATAAACTGGCGTG
1188.818,AACGAGAGAGGGAGATGGCGTTCACGCGCTCCTTGGCCATTTTGTCGCAT
5799.9546,ATAGGATCTTTTTCAAATAGCAAAGGCATTGACATGGTAATATCTGAAAC
3200.0837,ACCTGCGATCAGGCAATCGACGAGTTGGGCTCAAACGTAATATTCGCGGT
1188608.2,ATTGATAACGATAACAAAAAGAATGGACTGTGAAAACAGTATAACAATCA
4399.9214,AGGCGCCATAAATTACTGAGGTTGGTACTTATACAGCCACAATAAAAGCC
20212.385,TTCTAATGATTAACTCTTCATGAACAGCGCGCTGGCCCTTATAATTCCGC
7591.836,GACTTTAAAAACTGCCTTTAACCCTTCTTCCCCCTGGCAGAATGAATTGA
2251.8806,AGTTAACGGCATCATGATGCCAAAGCAGGCCGGCGCCAGCAAAATGGGGT
5638.271,ACATCCCTAAGTTTCGTGAAAACAGATTGCGATTTTGTAAAATAAAGATT
6798.722,AATCCAAAATCGCCATGAACAGTGAGCAAACTATCTGGCAAACTGCCCAG
17852.826,CATACAACGGCGCTTTTGTTAACACTTGTTCAAAATCCATAAAAGGTACC
2832.4175,GACGCGCTGAACTATTGCATCTTATCCACGACTTCGTGTAATGTTGAAGG
3746.5662,CAATAATCACGAAGTAGACAAGCAAGCATTTGTTTCTTTACTTTGATGGT
1972.9514,CAACGGGATTGATGTTATCTGGAATTACATGCGAGAATACAATGTGGACC
1595.3195,CCGCCAGTAATCGGACTCCCAGTGGAGATTTTCGAGGCGACAATAAGGCG
7263.777,AATAAGATTTGTATAACTAAATAAATTATGTTGGAGAACGATTATTTTCT
4626.732,CGTCGATATGCATCTGGAAAAAGAACTGCAATTTGTGCAATATGTTAATT
5220.8687,AAATTATATACATATTGCCTTCCGCGCACAGAAAAACATAGACTGGTGAA
1887.249,ATCGCGCAGCAACAGGCGCAATTGTTCTGGTCACACGGTAAGTATAGCGT
2633.4297,CCCGTGAGCGCGTCAGCTCTCCTGGAGACAGAACATGATACTTTTTAGAC
1400.5674,AGCAGGTGTATGCAGCTCTTGACGTCGTATTGATGGCCGAAAATAACACG
6706.089,AGTTGTTTTAGTTGTTTATTTTTTTGCTGCTGGAATTATTACGTCATTTC
5111.589,GTGCGCTCATTGTTCTGGCGGCCTGGTTGCTATTTTGCGTTAAAAGTGGC
2269.3457,TCTATTGGTCAAGTTTCCACGCCAGCCTGATTTCCGCTAATTTTCCGGAT
9069.535,ATGACAAAAAAATTTGCAATAAGCCCCATTTTTTAAGATATCATTAAAAA
3799.7803,GTATTTAACGAAGTATGGCAATTAGCTGGCATTGATGTTATCCTCTGGGC
1959.957,AGAACATCGTTTCGCAGTGAAAACCGCCGCCTCGACGTTCCTTCTTATGG
1209.3263,CAAGCGGCCCTCCGTTGCCGCCGTGACGAAGTCCGCGACATGATCAGTGT
3763.7446,TCGAAGAATTAAGAGTAGATTAAAAAGGGATGTTGGTTACGATAAACGAT
11688.562,GTGGATTTATCGATTGTAACATGCCTTTTATATAGAGTAGTATGAACGTG
4110.155,AATCAGACCTGCAACTTAGCGGTATCGCGGTCAGCGGTATAAGCTGTTAT
3308.5437,TCCTGATTCCGACCGTTAGACACAAATTCCGCACTAGGTATAATGACGTG
1975.3337,ACCATCAGCACTGGATGGCTCTTCGCGTAATTTAGTAATACGATGATGGT
2362.5537,CGATTCCACATTATGTCGGTCATTCCACGGCGTTATGGTACACTGTTGCT
8418.741,TTTTGCTGTCCAGCTATGATGTAAAAACAGATAGCAGTTATAATGTGCGT
9459.708,GCGCAACCGTCTTAATTTATTTGACTTTAGTGAAGGCCTAAACTGTGCTC
6647.868,TAACTTGCCCCCTGCCGGGTGAATAATTTATCTTTGCTAATATGAGCTGC
2845.146,GCGAAGGTCAGGGCAAAAAAATGGCAGGCAGTGCCGCGACAGTATGGGAG
1582.4296,CCGTAGACTGCACGTTCACCGTTTCTGAAGAAGCGGCGAATAATAGCCAC
2896.4856,ATATCCTGTAATTATGATATTTCATGCAGTTACTGCCATAAAATGTCTCC
8687.297,TTGTTGCGGCCAATTGTTTTCCATGTACTTTTACCCACAAAATCGCTAAC
6510.3916,CAATATCAGACTTCATTGTGATAATTGCTAATCGGCGGTACACTTACTTG
3338.3276,TGATCCTTTTTTAAGACGATTTTGAGCTCATTCCAGTCGAGAATAAAAGC
3502.0723,CTGAGGGAGGAAAGATAACGATAGTTATCCTTTAACGGTAGCCTCTCCAT
3373.946,CCAGAAATGAGAAATTGTTGTTGCGCGTCCGCTCCATTAAACTGGCGGTT
3951.5903,GGAATAAGCGATGCTGCAAAATATTGGCGTTTGTGGGCCATACTGTCGGT
11715.974,AAACAAATTATTGACCACCTTTTTAGGCGCAAACTGCTGTATGATCGTGT
1406.8682,GCAGGAAAAAGAGCAAACGAGGCGCACCATGATGAACCATAAGATCACCT
1685.6139,TCGCAAGTTCTAACGTAGGGTCGAACGCAATGGCCCGGAGAATCAACATG
2743.1438,CGGCCTTTACTCGGGGTGGCAGCGCTTTTTCATGGCGATAGAATATACCG
1605.9724,GGATTACCCGTTGCGAGCAGCGCAATGACTGTCCGGGGCGGGTTACCGCC
6130.943,ACCTTGCACCTTTTTAAGCCCAAGTAATAACTATCGACAGTATCTTATTC
2464.7585,GCTTGCGCATATGAATAGCCACCACTGAGTTGTTTCGTTATTTTTGGATC
1918.7372,ATGAGCGCCAAATTCCTGGTCTGGTGTGACCGATGATGACAATGGGGAAC
2937.1702,TCAGCATCCCTGTTTGCTCTTCGTTATGCGTTATTTCTTAACGTATACAA
5682.7515,TAATTTGTCATCATATGGATGTTGGCTACACCATGCTGTAACTTTTAAAT
1913.4144,TGGGGGATGCAGAAACACGATGAATTAATTTGTTAAATACAATCTTACCC
4877.6626,TCTTCCAGGCAAGGCGTTTCTCTCCGACATCGACTATTAAAATAGTTGTC
6251.8833,CCGTACCTCATTGATGTGACTTCGCCGTGATTAATATATAGGATCTGGCT
3244.7979,CAAAGGCTATCAAGTGAAAACACGGCACTCACATTATGTATATTGGTCAT
1869.8932,ACCTGACGGACCTTCGCGCGGAAATCAATTCAACAATAATTATGATGAGG
2177.998,CGATTGGCAACGAATATCAGTTTAACAACTTTTACCGTACACTGAATGCC
3044.1958,TAACACCGATTATTTTTCACCTTGAAGGCGCCATCAGTAATGATAATTTC
4868.289,GGTATCTATAAGGCTGGCGCTAATTACCACAAAGCGATTACACTGCGGAA
5243.344,TCAACAAGCCGTCACATACTGTTTTACGCATGAGGATCTATAATACCAAC
4367.7085,TAACAGTTTCCGCCATTGCGGAGGTTGCGTTGTACATTATGTTGGTGTTT
3562.6292,TGTTAACTTTATCCCTCCCCTTCATACGCCAGTTGGATTATATTGATCAG
7708.9263,CTTGCCCAAAAAACCCCTTCAATATTAATGAGTTCTGTTACGCTACGCGT
4279.328,TTCCTTGTTTGGGCATTAAGCACAAGGGGATTCGGGCGATAAGCTATCGG
2905.635,AAATGAGCGCATGGCTGATATCACTGTTCTGGCTTGTTATCTGATGTATC
2349.1873,CAAACCAGGCCTCGTGCAATTATCGCTTTTCAGGGTGTTAGTCTGGCGCC
65862.63,AAAAACGGCAAAACAATGGCGTTCCGCGAGATGACTGGCACTGTTAGCCC
1872.428,CCCAGGCGCTGCCAGCTGGCTATGAATCTTTACTCCCGAATCATGTGTGT
4524.4995,ATGGTGGTAACGACTTGATCTGCATCTACAAGCAAAACTGGAATGATAAT
7477.204,ATGTCCTTCACGCAGCTGTTGTCCTGACCCGCAAAACTACAAACATATTC
2601.9917,TTCCCCACAGTGATGCAGGTAGCCGCGCCGTTCGTGATAGATTCTTTCTT
3558.9714,CTTACACGACAAACATCGCCTGGTTGCGGGATGCCGCTATAGTTAGCACA
1893.4336,TAACGTTATTGCTGCTGGTCGCATTATTTCGTTAGGCAACAATCATCAGC
4417.475,TTCCAATAAAGTGATTACTTGCGTCAGCAACAGAAGAGTATCGTTTAGAT
9676.085,CGTTAAACGACATGAAGGATAAGTGTCGATTCCTGCCTTAAAGTAGCGTC
3014.5876,ACGTGATTGTGATGGAAGAAAAGGTTGAAGTTGAGGAATTTCATCAGTGC
3433.475,AAAGCACGCACGGTATTCTACGTATATGGAGCGGATAATAAGCTCAAAGT
3778.0325,TCGCCAGCAAAAAATGAAAAAAAGGCCTACGCTCGGTCAAGGATGACACT
6254.341,CGCTATCAACAAAGGCGCCCTTAATTATTTTGGCACCTTAGAGTTAAATG
4105.198,TCACCTGCTTGAAGCCTTGCTCGCCGTAGGCTCACTTTTACACTGTAGTT
1738.1006,TTTCGCCGCCTTTTTTGCCGCGCCGCTTTTGTCACCTGATAATATTGGGA
3638.4944,GCGATCAATCACCCCCGCCGATATCATCTCTGTACTGTAGGATTAATCCT
8568.922,CATCATTTGAGAAAACTGAGCAATGCCGCTTCCAAAACTTAAATATGTAA
4092.3193,CCGTACCCCAACGTATTGAGTTCATCGAATTTCGGGTTGTCGTGCGTAAC
1355.5411,ACGAAGCCGCGCGTCGTGCGAAGCCATCGCTCTGTCATCGGTCAGACATT
5830.6055,TGTGGACGCCAAGATGTGCAACAACGCCTCTTTCACGCTATGATCGGTGT
4345.5337,TGCAGCAAAGAAAAGTATTTCTGCCGTGCAACAGATATACAATATAAATT
2201.1638,AGGTCCGAAAATGCGACGCGTGATGCACTACTAACGTGAACCCTACTGGG
2399.038,CGCCCGATTACCGCGTTGATTTTCAGCTACTCATCATGTACGCTTTAAAC
2693.7517,GTATTAATCGCGTCTGTGTGTGCGCTGGCATCGCGGCATATAATCAATAT
3831.2083,TCGCGCCTTCCCCCCGTGCTTTTTTTATCATTTCCGGCCACAATGTAAAG
1552.0732,GCCGCTCAGGCACTACAGAAAACGTTGACTGCACCCTGCATTATTCTGCG
3439.2422,TGTATATACATTTAATCCAGTTTGCGCCTGGTCCATGCCGGCTGTTAGGC
6289.088,CTGGTAACAAGCGCATGCACGTACTGACTTTTTATGGTAACATAGTGTTG
5892.6685,GTTCTTTAATCCCTGGCCATCTATTTCCGTTATTCACTAACTCAGGTGGT
4599.723,ATATGCCAACCACATTGGCGGCTTCTGGCGAAACTGTCAGAACCTTAAGC
4946.6836,TGGTTTAGGAAAAAATTTGATTCGGTTTGGTTGTAAGCGAATATGTGAAG
3520.6306,CGTATATACCGGCAGTATCACTCCCGTCGTGCTTTTCTCTATCATAGGCC
3564.793,CACGATTGCTTTGATGCTGTTTTAAGTCAGCGGCTTGGCACTATCCATCC
1892.5869,CTGCACGCCGACTTATGCCGGCTGGGTCAGGCACCCGATAGACTATTATC
3072.0664,AACATTTGTCGAGATTGGCGGGTCAGCCGTTGTGGTAATACCTTTTGTGT
3709.7717,AATTGTGTTTCGCCTGGCTATGAAAACGTTCTGTAATCGATTCTTGCATC
5705.153,TGTCTGAATTTCCCAATGCCAAGAGCGGGTTGGCCAATAAGCTTCTGCGT
4106.127,CAGGCCTGCCCGCCATTGCGCTAATGCACTTTTTAGTATATTGTTCATTC
2262.806,TTCCCAGTCGAATCAGCCAGGGCAAGTCCATCACTGAGTAATCTGGTATT
1862.5038,CACGGGGCCGGTGTTTACCACGCCGCATAAATCGCTGATTATTCCGTTGT
6797.4883,TAAATAACTAGGAAGGATTATATTATCCTCCAAAAAGATTAACTTGATTG
1730.9154,GCGCCGCCTCTCTGGCGGAATTCCAGGCGTGAATATTGCATTCTGTGGGT
6185.8813,CCATAGCCTCCCTCTTGACTAAAAGTAATGATCTTAATAAACTGAAATAT
6535.0225,GGGAATCGTAAGGACTTGACGAAAAACTGTAAGACCGGTAACATCTTAAA
3297.2314,TTGACGAGACGGAGATCTTCTTCATCGGGGAGTCGTGGTATTCCTGAGTC
3017.8506,GGAACAGGGATTGAGGTGAAGAACCTGCGGCTGTGGTATCGAGCAGGACG
3863.2085,GCGCGGCCAGCAACTGTGGGCTTTTTGAAGCGTAGCTGATATACCAGGAT
3211.1262,AGATTATCAGGCATGCGACAACAACGCGCTAAATTGTGCTCTTTACCCCC
1825.6375,TGCGACCAGACTGTTTTCGCACTCGGGATTACTTTTCGTACGATATGCGT
4028.6985,TCCAATGAACGTACAATTTTCCGCGACACCTACCTCTTCAGTGTATTTTC
6168.341,CTTCTACGTTATTTTTGAAGTAGAAATTGACAGTAATTTATCGTGAAAAA
4075.908,ACGCTGTTTTTCTACGGCATCGCGAAGAAAATTCCTATTATAAAGGAAGG
3375.5386,CATATCAAGTCATTCTCACTGAAGTCGTGACCTGTGGTTTAATTTTTCGG
2133.5928,ACAACATTGTCTGTTAGAATGGGAAGTCCTCGAACCACGACAATTTAAGT
3714.6194,ATTCCCATCCGCTTAACGGAAATTGCTGTAGACTAGTTATTCTTTGAAAC
2133.7205,TAATCAGCTTCCTTCACGGGAAGGCCCTGAAAAACAGCATAATTACCCAT
7101.975,AGTTTAACGGCGTTAAAACATTTTACAAAACGTAATCAGATAATAATTTC
13940.87,TAGCCGTAACATTGGTTTTGTCAACGTATAAAAACTACTATTCTTTCTGC
5721.1475,CCTTTCCCTTGTTCTATATAACGGGGATCGGGCTCTAGCTTAAATTCACC
6999.14,GTAACATTGATGTTTATAATAGCCGTTTTCACAGTACTAACCTTTCTGTT
3283.3926,CCAGGATACAGAAATCTGGGCATCATGGCGCGAAAGGTACAATAGATGGC
5054.329,TACCTGCCTTAATCGCGTAGTCAGGAGTAAATATGGCTATGATTATTTCC
1408.9296,AGGCGACTCTGTCCAGACCACAGCGTTTACAGCCCAGATACATTTTCAAA
32119.602,TCATTAAAGAAGAAATTAACATTCCGCCGATGAAGCGTTATAATAGGATC
7017.7163,ATTGCTGCCGCTGCAGGCTGGGATTCGCAACTCAGCCTGTAATACACCTT
3349.8162,CGTAGCTGTAACGCGCATGCAAATAACGACCGTTCTGGTAATTTGACTTT
2076.0198,ATGAGACAAAAAATAACAGGCGATAGCTGATTAGGTGGGAAAATACACCG
7395.3975,CTTGGAGCCTGGGATCTTATTTTGTTATGCAGTTTGTGTATTATTGAACT
6567.7754,TCTTGCTTTTTGTCATTGCAGTCCATGTCACCTGTCTGTTAACATTAAGT
6959.0723,CATTAAATTTGCTTGTCTTCGGGATTCAGGTTTGGGTTTAGATGAGTTAT
5112.6006,AAAACTTCATGGCGTTGCCCTTCTTCGTGACTTACATGTACTGGTGATCT
6195.523,ATAGCAGATGTGACATTGAGACTGTTGGGCGAAGGTATTACAATGACGTC
5813.042,ATTGAAAATTCCGCCAGCCCGGCACTACCTGCCTCGGTATAGTGTTTAAC
3733.969,GTATGTGCAATTATTCCTGCTACGCAACTTCCTCTTGGTGATACTGATGC
2050.4878,TGAAGCCGCCAATGGCCGTGGCCACAGTTTTGGGTCTTGAAAATACTGTT
4783.311,AAACCTTATGTTCCCTTGATATGACGCTAAATATGGACGATACTTTTGGT
11728.413,ATTAATTTCGTGAAAGTGTGGCGTTTCTGGTAAATCAGTAAGAATATCTG
4886.0557,AATCAATACGCGGATTATGAATACGCTGGCCACTTGAGTATTATTTCTTT
4143.681,TTCCGCAACAGCACATTGCAGCTCTGTCTGGTCTGCAGTATTCTTTGGCG
2413.0266,CAACAGGACTCTTCTACCAGAAAACGAAGGATATGAATAAATTTGACCCT
5668.818,AATAGCCAGTGATTCTTGCCAGCCTATTTCGGAGGTGGTAAAATCGCGTT
2871.276,CAAATACAGGAACTGAATTTGCGTAATTCGCTAACTGCGATGATGTGTGC
5103.2104,AATCGCAGTAAGTTATCAGTTTTGCAGTATTGCCCGGCTATTAATATAAA
3151.853,AGCGCTCAGAACAACAGATTCTGGAGGAGGCGAATGCTAAAATTGCCGCC
3338.766,ACCAATTGATGGGATCTTGTGATCTAACCGGCGGTTATTTAATAATCCAG
1630.9042,ATGCCCCGTTTATAGCCTCGTCAATGGTTTACGTCGCGAACAATCTTGGC
3131.6643,TATCCCAAACGCGGCTTCATCCAGATGCTGTTTGCTGAATAATTTGACCT
4274.096,GCCGATAATCAGCAGGTGCTACTGGTGGGCACAGGGCCGTGATTTCTATG
18253.049,AGTATTCAAATATCTCAAATGCTCATGAAAAACATTGAGTATCTTGTACC
7378.6885,GTTTTGAAGCTGCATCTGCTTTTTTCACTAAGACCGTGTTTATTTTTTCA
2183.0908,ATTTTGTCAACTTCCGCCTTCTCAGCGCCCGCCCGGATACAGCAATCTGT
4301.1763,GGTGGTGAATGACCGTTTCCTTTATCGGCGGGGATGCAACCCTGGTTAAT
5234.4272,GCAACCACAGCCCGGTTTGCTAAATGCCATAACTGGTAGAGAATGCCGTT
6527.913,TTGCAGTTCGAGCCTGTTCAGCGGATCTGCGTAAAGGTTATAATTGCTTT
2918.3176,GTTCAGCTTTGGCACATCAAATTCGCCAGCAACCGTGTTTTAACCTGCCT
1810.3312,TCCATATGGCGTTCCGTTCAGACGCTGTCCCTCTGCTCAATGTTATTACT
1481.6664,AAGAAGTTAATCATTGACAGGTGGCGGCGCATACCGGCCACGATCGCGAC
5834.5493,TATTTGCGCTATCGGGGTAGCCGTACCGATTGGAGGATATATTCAGTAAG
2977.593,CAGGCGGAAAAAGTGCCTAAACTGTGATAGCTTACCAGTATCATGTCGGT
4101.3286,TTCAGCAAGCGACTTTATCGATATCGTTGAGAAATACTACACTCTTCCGC
3895.6729,CCCAGGTAAACAGGTACATGTTGAATAAAAGACGGAGTAGGCTTGTCACT
19467.602,TTTTTCGTATTGCATTCAGTATCACCACTGCAACGGTAGCCTACGCTGAC
10357.7,CTGGTGTAACTGTGGTCGGTGAAAACGTAAAATTTGCCGATACCCGGAGA
5163.832,TATCTCTCATTAACACGCTTTAAAAAACAGTCCAATTAAATATGAAAAGG
109902.5,TCTGTTGGAAAGAGATCTATTAGCTTTGCTGAAAAAGCGTATGCTGCACA
13109.343,TTCTCAGAAAACGATTGCTGAATCTGAAATATTTGTCTATAAATCGTATC
2257.79,TGAATGTTCTGCAGCTCGTTCGCCCCCAGACGGAATATTACGTTATGCTC
4038.303,TTTTCCCGCCCATGAAAGCCTGAATTATGAGTTGTTTTCATATTGCCGCT
1515.5977,TTTCCGGAGAACGTTAACGAACTGATCACCGACATGACCCATTTTCATCC
2491.6965,TATGGTGGACAATCTGGATGGCGACCTCAACGATAGGCCATTGTATGTAA
2766.5835,ATCCTTGGCGGGAACAACTAAGGCGTGAAACTTACGGTTACACTTGAAGC
2681.9163,TCAGCGCCATTGTCTTGATCAAGGAGAAAGCGTTTTGGTATCATACAAAA
1808.9698,AATCCGGTTATGTATGGGGGAATCACCGACAATTGGCCATGATTTTTTCC
3162.2034,AGTATCATGCCGGGTTAATTGAAGCCGTTGCAACCTGCCGACATCCGATA
4510.6187,TTTTTTACCGCAAATATCACAACACAAGATCTAAATATATTATTATTAAG
1700.0472,CTCACACCCCTGCTTGAGACGTTACCGACTTGTCAGGTGATGATATAACC
11591.453,AGCTTAGTAAAAGACTTAATACATTGTCAATAAAACGTTAAACTTCCATC
2611.0847,CAGCTGATGATTACTCAGTTTCTCGCTCCCTCCCTGACAATGTGGATAAT
11059.553,TAGATCAAGAAGTAAAGTTAATGAACGAGGAACAACGCTAGCATTTAAAT
17370.225,GCAAACAAGTCGCCCTGTTCTAATGCCAAATAAAATGTTTAATCCCCTGA
1970.3517,TCGCCGAATAAGGTGAACCTGGACGTGCGAGGATGGCTTATCCTTGCATT
5168.882,AAAAACCGTAATGCAAGTGAGTTGTATCGACGTTGGCATAATATTCGTAT
2854.61,TGAACAACGACCGGTTGGCACTATCAATATTCATCATAGAATTCGTAGTG
1316.3674,CACCGAGTATGTGCACAATACACAGAAACAGGTCCATATTTCATTTCATT
1606.928,AGCGCTATGCCCGTTTGCACACTCTGCCCAAATGGTCGATTATAAAACAA
6126.3125,AAAATGTTTTCGGTCGGGAGTCAACCATCAGATGTGGTTATGCTTTAACC
1560.8722,AAATCACCAGATCAGGATAACTCCATCATCGCTCACATGAAGATAATGCT
4969.5615,ACAAGTTGCGGTCTACCCGCCCACTATTTATTATAAGCTATAATAGTCGT
6067.6235,GCATTCGTTGGGGCAGTTCCTGTTACATAATATGATGAGACTATATACTC
8852.124,AATTAAATCAGGCTAATTGATGGCAAATTTCCTGTAGTAATACTGTAGTT
3196.1204,GTCGAAGCATAGCGCGCTTGACGAGATGCGTGGGTTAGTAAATTTACTTT
4235.8213,AACTTGCGGGTGTGGTGAGCTAGACTACTTCAGGCATTATACCCTTATAT
10478.683,GGTTACAAAGAGACGGTCGCTAAAGTTAAACTTTCGGCTACAGTATGCCC
6091.9385,TATTACCCATCGTTTTTTATGACAGTGTACATGCGCCTTATTATCACTAA
5057.221,TTTTTGCACGACGCAGCTGTTACTCTCGGGAAATGGTAGATATTCTGTTT
1508.2234,CACCATCGTCGACATAGACCTCTTGCATAAAGGTGACATTAAATGGCTGA
5009.776,GCGAATTCTATGCCTAATTTGATTTTCAGTAGGTATGCTAAAATTGACGT
1729.16,GCTCTCGCACGCTTGACTTTTGCAACGCGTTTCTGTTCCATAATGTAACC
5296.4595,CTGAGTATGAGGCGCTATCAAAATTATTCTCTTGATGCCATAATTTATCG
3041.265,AATCTACTCAGGCTACCGGCTACGGGAGAAGAGCTGCCAACTTTTTATTT
1622.5558,CACGCCAGGAAGGGAGCGAACGGGCCGTAGCTCGAGGGTCAAATAAGCTT
18634.055,CTTTTACGCGCCTTGTGAAACCCACTACTAAAATCGGTAGGATCCGGCAT
1995.4048,ACATTTCTCAATTAAAGATCAACACCAGCGGCTTTGTGAAAAATGTGTTA
1958.2192,ACAGATCACCGGTATTGCTTTGATCCGCAATCCTGGATTTTACTGTAGGG
3825.92,ATATCGCCGGCGAGTTTGCGTTGTCATCGTACCGGCGCTATCGTAAAATT
1963.847,TTGCCAACACCGTACTGCAAGCCTGATTGCGGATTTTGATTCTTGAAGAT
6957.5654,TGTGCCCGGTACTTTTTTCTGTTCTTTAAAAAAACGTAAATAATCTCGAT
15396.086,GTTGTAAACTCTTGATAGTCCATGGCTGCTTCACGTCGTATAGTTACCTG
5863.726,TCGTGGTAAAGACGGTTGGTATTTACGGTCATTTTCATTTATATTGTTCC
1576.2241,ACGTCTACAACGTCGTGACGCTGGGTTGCGCGCATAGTGCATAATCTGCC
4234.095,TCACCTTGCCGTGGTTTGCTCGTCGAATTAACCGTGTTTCTAACCATTCT
8898.142,TTAATGGTAAGTAGCAGCGGTGTTGGGTCTGAATTCTGTAGAACAATGGC
2751.3303,GACATTTATCTGAATGGCTGGATTCAGTACGCTACAGTAAGCTCAGCATT
2402.1682,GTTCAGCACAGGCTTCCCGCTCTGGCGAGGTGGTCGCGTAACATTGGTTG
1996.2261,TTCCGATCTTCCGGCTTGATCTGCGGACTGTGGCACGGTAACGTCTCCAC
4760.1357,GTTGACATAAACAACATCGTGCACCCGACGCTGTGTTGCACTTTACGGCG
2062.441,GTGCTGAAGGCATTTGCAAGTGCGATCGTGCAGCACCCATAATAATGAAC
4771.828,AACCGTACTGCATAATGTGTTGTGCATCACTACAGGGTAACTTCTAGCCT
4222.963,TCGTTCTGAATCCAAAAGGTAACCACTGATGATCCTTTAAAAAAACTGCC
5017.5776,TACTGCAATTACTTTTCCATTCATTAACTCTTTTTGCCATAATCAGTGAG
1823.0941,GCAGCCAGCGCCCACTGCAGCTGACGGCAGCGGCGTTTAACATTTTATTT
3704.7124,TAGACGTGAAAACTACGACAAGGGCTTGTTTAACATGTTAGTTTCACCAT
2705.2976,CCGATTCGCAGAGTCGTACAGAGTTCAATAGAACGGGTAAAATCCTCTTT
2096.4575,TTGCGCCGGTGTTCTTACTTAATCGCCATCAGCATCATTAGGATGATCGT
1999.5654,TTTCCAGACATCAGTCCCACCGCCAAAATCCCCGATGTACTTTTTAGGAT
4442.5312,AAGACGCAGGCGATTTAGACCATCCAGTCATTTGTGTCGTTAAACGAATC
4068.5376,GTTTACCATCCGTCAGAAAGGTAGTAAATGATTTCCGATAAAATGAAAGG
1683.5104,TGAAAATGTCGGCGACGCAGTTCCCTGATATTCATCTTTATCATGTCCAT
4276.2563,TTGCTGGCTTTGGATGCACCTGTAGTGAACTTCGCTGTATTATTCAAAGT
8236.426,TAACTAACAAAATGCATTACGCACTCAATGCCCGTGTTAAGTATATATAT
4148.163,ATATCTTAGATGGGTGTCGATATAAGGTGCAGGCTCGGTAATATCCTCAA
6479.7656,CAGTGGCAGTTCACGTGTACAGTGACTACATTTGTCATTACCCTGCGCAC
2438.6345,GGCAGGAACAACGCCTTGCATTATACGTTTCTTTACGGAATATTGTTAAC
110854.4,ATTGCAAAAGGATTTTGAGGAGGAAGGGTAAAGTTATTAATATACCGCAC
7792.822,CCGAGATCGATAGTTCGACGCCAGTTCCGGCGTGCTCTATAATGCGCCCC
2076.4673,GTTCACACACTGTTGTCAACCGCTCAACCTTAAGGATATTGACAGTCAAT
3849.5073,AAAAGTTCTCTGCCTGGTTTTGGGCGATCAGCCCGGGTTAAAATTTTCCC
3659.2725,GGCTGGCACCAGTGAATGTCACCGATCCAAATGGCGGTAATACACGCAGT
2297.2732,GGCTGGAAACATGGCTCCAGCAATGCGAACGAGCGCGGTACAATTCTACT
2358.1045,GGGCTGGAAACAGAGGAAAACAGGGCGCCTACCACTGTCATAATGGCCAT
66062.65,ATTAAAATAGCAGGTTGAAGCGCCTTTCAAATAATGTTTACTCTCGCTTT
3008.725,ACGGCTCACCTTCCTTGCAAACTTGGAACAGTTACGTTTTAATCATGTTT
4245.2104,TATTGGTCTCTCCCATCATCAACGCGCCACGTCCAGCTTACCTAGTAGCT
6059.558,ATTAAATGCCGGAGTAAAAGGCCGGAAGTACCTCCGTTAAACTTGTAGTC
3462.3428,AGCCCGCGTGAAGGTGGGATTAGCCGCGAATAAATGTTTATAATTCCTCT
1309.6542,TGTTTCAACGATCAGATCCACATCGCCAGCGCCTCTGGCAATTTCTGCAT
2946.0276,TACTTGCAGTTACGCCTTGAGCATTCACAATCCCCAGATGAATTATCCCT
4722.6143,TTTAACTGTACGTTGAGTCAGCAGTGGAACGCGCCCATTACAATCGTCAA
4971.96,AATCTTATTGCCTGTGGTTTGCGCACTAACGCCTTAGATAAAATCGAAAC
1289.8143,CCGCACTCGGCGGTGCTCATCACGTTCATCCAAGCGCTACGTTGAAGAAC
12607.245,TGCTGGGTTTTATGCTGCTGTTGTGCTTAATTCTTAACTATGATAAGTTT
5836.326,ACCGCCCTACACATTTAGCAATAAATATGCCTTATGGCTAAACTATAATC
4659.828,CTGATGAATAAGTTCGCTGGAGACTCAAAGTGATGCAGTAAAATTTTCAG
5182.2983,AAGCGATAACCTGGGCTACTTCACCAGTCCCAGAATCCCATAGTTAAGCT
2076.9192,AGCAACCAGGTTTTAACCACAGCAGTATGAGAGGCAGGTAAAGTACAGAT
5680.7715,ACAAATTTGGCTGCGCGCCGCAAATAACAAACAACTGGTACACAAGTAAG
3033.9016,ATGTGTATAACCGTGTCGCGAGCAAAATAGGTTAAGGATACGATCGATGA
3034.6514,GTTTTGCGAATAGATATTACCTTCTGATTTTCAACGATACGCTTTGACAT
3423.978,TTATTCTTCTGGCCAGCTACAAATCGTTGCCCCCGGGTAAAAATACGAAC
5069.9287,GTTTACCGGAATCCCATTCAGATTTAAGATAATCCGGTATGATAATTGTT
5419.909,CTTGTACCAGAGCTGGACAGTTGAAGGAATCCTCCGGCTAAATGAATAAT
2854.6194,ATGTCGCTGTGGCGGCCCTCTTCATGGAGCATTATGGTATACTCATGCAT
2184.691,ACAGCAATTCGGGGTACACAAGTCATCAGGAAACTGATAACTTTCTGGTC
2199.5771,GCGATCAATTTACATTGATATTTTAAGTTCGATCGCGCAGAATAAACATT
9549.692,AAGAAAGAAAATCGGCTGACCGTATTAATGGCTATTGGTATTCTGGAATC
1656.7653,CCAGCGTCTGGAATATGGGTTATCGTCAAAGCTGGTATGAAATAATGGCC
4742.331,TTAAATTGCTGTCGAAGGTGAAATAAGGGCGAGAAGATGATAATTGACGC
4204.3,TTGTTGCTTATGTTGAGTGATAGGCGCAGGCTGTCTGCATCATAACCTGT
2744.0952,ATGGTTTCTCTCCATGGCCCTTTGTCCTGAGCCACCCTATTTTGGTTTGC
1195.5914,GCCATACTGGCAATTTTAACCACCGTCATCACACACACGATCGTGTTAAA
3824.8767,CCTCTTCGTCTTCCTTTCCCTCTCCGCTACCTTTTGGTTTAATTATGGGC
9241.294,ATTCAGTAACACTGCAGTAACTTGTGGTGTATTAAGCCAGAATGGGCTGT
1515.4048,AAAAGGCGTACTCTGCGTCATGCACAGAGATACCATTACACATTCAGATC
4198.833,GTGCTTACGAACCCTCTTATTCAACGTTAGGCAAAGGGCGATAATAATTT
1476.3488,TAAAAAGAAGGCTGCGACGGAATGCTGGCAAGTCCGCACAATATATCAGA
4172.5664,TCAGCAATCTGCTCGATGACAGCAGAGTCGTTAAGCAGTAAACAGACGTT
1916.0259,TGATTGTTGCGTACGGCAGTTGTGGAGAGGAGTATGTATTCGTTTCGCAT
2926.8098,AAGCCAAACTGCCATACATCTTACGCCAGCAACCGCATAAGTTTACTATG
2377.8457,TAGCATTGATCGCGCCGAGCGATATGATGGAGAACATTTTTGGCGAGGCC
7839.6616,CATGATAAGCGATGAAGGCGAAACGAACTGTTTGCTGGTACAGTCCTAAC
3685.511,CGCCTCTCAGACGTTGTTTTGGTTTTTGCGCGGAGGGTATTGTTCAAGGT
2283.3777,CGAACAAACGCGTGTTCACATTTCTGGTCTGTAGGTGATAACATGGGGTT
4297.185,CAGTAGTGATTAGGGTCGTAAAAGATGCCGCCAGGTGATATTATTGCGGG
5128.664,CCGTTGGTCCGGCGCTTTTGTGTTGCGCGCTTCCGCTATACGCTTACGCC
1641.7146,ATCGCCGCGACGACCCTGTTGAATGTCGCAGTTCTCCGCATCATTGAGAG
1887.9539,TATGCTACCATCACCGAAGACAGCGCCGCGGCATTTTTCATATTTTCGGT
2155.1904,ACGTCGCCAATGTAGCTTACCATTGATGGTGCTTCGGGCATAATGTATCG
4703.9053,ATTTTATTGGCGAGCACATCCAGCAAATCGTGGGCAGTAGTATCAAATAT
4467.991,GAGAGAATAAAATCACAGAACGTGAATGCGTGTATTATAAAATTTCAAGT
2059.9026,AGGGGAATACGATGCAGATGATTCCCATCGCGCCATGTTACCGTGGGCTG
4575.645,ATCAGCCACAGCAATAATGCGGGAACTGGAATTTTCAGTACAGTTAAGTT
3450.562,TTCCGGCACGGAGCGGATTGCCGATTATCTAAAATGGTAAACCTACAAGC
1810.9775,AACAACTCGTAACCGATAAGCGGTATGAACGGATATCCCATCATAGCATT
2212.7612,AGATATTTTTTTCAGTGGCGCTTATGCGTCACGTACGATAACATTTCGCG
4095.5698,GTTAATGTACGCGTCGCCATTTTGTTAATTTATATTGTTAGAATTATCGC
6282.3193,CGTATATCGAGAAGATTAGAAAAGTGCGTAACATATTCCATATTCGCAGG
1794.6266,TCAGCACCAAACGTAAATCAACTCTCTATAGTCGGCGATATCCTGGCAGT
2287.4207,CGGGATGGCTCAATTGTTGCCGGAAGTTGCATAACTTTATTTTCATTTCC
10000.528,ACCCACGAAAGTGAACAAGTTCTTTTCCTTGAATGTGTTATACTGACGCC
4568.6387,AAGAAGAACATGCACTTTGCTTTTACGCTATATCGGCCAAAATCTGCAAC
4411.6274,AGCCACTATTGGCTTTTGAGTATTCACGAAATCGGTCCCAAACTACAAAA
3361.07,CTAATCGGGTTGTGCCACTTCAACCGCATTCTCCTGGTAAGATTTCTAAC
3105.0725,AGTGAGCGCTCCTCCCGCGTTGGAGAATGGGTATTGGTTAAGATTGTTTC
1641.4458,TGTTACTCCCGTTGTGGCGCCTCAGCCGCTGGAGCGCCAAACTCGCCGAT
4265.068,AATCTTGTCTTGCTTTAGCCGGGCAAAGAGGATGCTGTTATGATGTAGAT
5373.371,CGGGATGGCTCGGGGTAAGTGTTGATCAAATAATTGCCGTAAATTACAAC
6923.804,ACGTCCGCAACGGGGATTTGTTAATGCTGCAGGTAATGTATAATCCTGTG
3228.1575,AGCAGCTGCCTGCTATGCCATCTTGGCTTAATAATTGCGAAAATCCAACC
1920.2521,TACTCGTTCAAAAGACACGCGACGTGGCATGGACCCTTAATCTGATGAAC
3252.3162,CCTGCTGTTCCGCAAACCTTCCGCTCCTGGCCGGTTTCCATAACCAGGAA
2643.8997,GGGCTAACGCAACATGTCCGCGCAAGAAGAAGTTTGTTATGATGTTATCT
4018.2078,CTCAAAATAAAACGTTCATCAAAACCCGCAAGATTCATGCTTCTCTTTTT
2073.7334,TTCGGGCAGGCATTTTCGCTCGTTCTCACAAACGTGATAATCTGAAAACT
4249.853,GCAGCATATCTAGGGTATTCTCCGGTTAAAAGCCCATCTATAATCCAATT
4964.106,ATCACGTCTATAAGGACTTTCATAAGTCAGGAAATCTTAATTTTAATATT
22128.736,ATTTAGATTTCGAACTTATCATTTTTGTGAAAAACCACACTATGAGTGAC
1347.3085,CCACGCTCGAGTCCTCAGCCACACAATGGAACGGGCGATACTCTTCAATT
4129.3315,CTGAACAACGGGTAAAGCGCTAGGCGCTTAGAAAAAGCCATAATGATAAC
8480.844,GCGTTTGCATTTTTGGTGGCAAAATTGGTTGTTTTTGTAGAATGTGGAAC
4689.5684,TTTCCAGCCGCGGCGCGTATGTCGTGGGCATTAATGTTACTGTGGTTGCT
5213.7075,TCGCGTTTATCATTTTGAAAGTACCATCCCGGACGCGGTAGGTTAATCAA
1497.6714,CCGCCAATGCCATGGCTACGCGCAACAATCTCGAAAGCCATAATCTACAT
5218.6797,ATGGGTGCTGAACCCGGAAAAAAGAGAGATTCTTTGCGTTATCGTCGCTT
1943.7599,GGCGTTCCTACGGAGTGTATTCTGTCACAAAGAATGGACAAAATATGCCA
3561.6018,TTACCGACAACAATTGCCGCAGGAACATGTTCTTGTTGTTTCTGCGACGC
2046.9696,TGCGCACAGAAGGTATCGATCGACAACGGCATAACTGAGAGAATAGATCC
1798.2606,GACTGATCACAGCACGTTGTTCCGAAAAGCATCTGACCATTATGACCGTC
7299.0044,TTATTATTTGAGTTAGTGTAAAGACCGCGAAAACACGGTTATCATACATC
8572.647,GATGCCCTTTCCCGTAAGACCGTTGTCGACATTCATCCTAAAGTCAGTAT
1524.9596,CATCTGCAGCGATAATTACCGATCTGGCCGTCGCGCATACGGTTGACACA
